River,Station,Country,Latitude_DD,Longitude_DD,Catchment_area_km2,Altitude_m_ASL,Date,Time,Value
BIALY DUNAJEC,ZAKOPANE  HARENDA,PL,49.31611111,19.9775,58.44,763.09,2023-01-01,--:--,1.450
BIALY DUNAJEC,ZAKOPANE  HARENDA,PL,49.31611111,19.9775,58.44,763.09,2023-01-02,--:--,1.310
BIALY DUNAJEC,ZAKOPANE  HARENDA,PL,49.31611111,19.9775,58.44,763.09,2023-01-03,--:--,1.180
BIALY DUNAJEC,ZAKOPANE  HARENDA,PL,49.31611111,19.9775,58.44,763.09,2023-01-04,--:--,1.120
BIALY DUNAJEC,ZAKOPANE  HARENDA,PL,49.31611111,19.9775,58.44,763.09,2023-01-05,--:--,1.700
BIALY DUNAJEC,ZAKOPANE  HARENDA,PL,49.31611111,19.9775,58.44,763.09,2023-01-06,--:--,1.630
BIALY DUNAJEC,ZAKOPANE  HARENDA,PL,49.31611111,19.9775,58.44,763.09,2023-01-07,--:--,1.460
BIALY DUNAJEC,ZAKOPANE  HARENDA,PL,49.31611111,19.9775,58.44,763.09,2023-01-08,--:--,1.280
BIALY DUNAJEC,ZAKOPANE  HARENDA,PL,49.31611111,19.9775,58.44,763.09,2023-01-09,--:--,1.220
BIALY DUNAJEC,ZAKOPANE  HARENDA,PL,49.31611111,19.9775,58.44,763.09,2023-01-10,--:--,1.570
BIALY DUNAJEC,ZAKOPANE  HARENDA,PL,49.31611111,19.9775,58.44,763.09,2023-01-11,--:--,1.370
BIALY DUNAJEC,ZAKOPANE  HARENDA,PL,49.31611111,19.9775,58.44,763.09,2023-01-12,--:--,1.320
BIALY DUNAJEC,ZAKOPANE  HARENDA,PL,49.31611111,19.9775,58.44,763.09,2023-01-13,--:--,1.280
BIALY DUNAJEC,ZAKOPANE  HARENDA,PL,49.31611111,19.9775,58.44,763.09,2023-01-14,--:--,1.260
BIALY DUNAJEC,ZAKOPANE  HARENDA,PL,49.31611111,19.9775,58.44,763.09,2023-01-15,--:--,1.230
BIALY DUNAJEC,ZAKOPANE  HARENDA,PL,49.31611111,19.9775,58.44,763.09,2023-01-16,--:--,1.220
BIALY DUNAJEC,ZAKOPANE  HARENDA,PL,49.31611111,19.9775,58.44,763.09,2023-01-17,--:--,1.200
BIALY DUNAJEC,ZAKOPANE  HARENDA,PL,49.31611111,19.9775,58.44,763.09,2023-01-18,--:--,1.140
BIALY DUNAJEC,ZAKOPANE  HARENDA,PL,49.31611111,19.9775,58.44,763.09,2023-01-19,--:--,1.010
BIALY DUNAJEC,ZAKOPANE  HARENDA,PL,49.31611111,19.9775,58.44,763.09,2023-01-20,--:--,0.970
BIALY DUNAJEC,ZAKOPANE  HARENDA,PL,49.31611111,19.9775,58.44,763.09,2023-01-21,--:--,0.980
BIALY DUNAJEC,ZAKOPANE  HARENDA,PL,49.31611111,19.9775,58.44,763.09,2023-01-22,--:--,0.940
BIALY DUNAJEC,ZAKOPANE  HARENDA,PL,49.31611111,19.9775,58.44,763.09,2023-01-23,--:--,0.900
BIALY DUNAJEC,ZAKOPANE  HARENDA,PL,49.31611111,19.9775,58.44,763.09,2023-01-24,--:--,0.920
BIALY DUNAJEC,ZAKOPANE  HARENDA,PL,49.31611111,19.9775,58.44,763.09,2023-01-25,--:--,0.920
BIALY DUNAJEC,ZAKOPANE  HARENDA,PL,49.31611111,19.9775,58.44,763.09,2023-01-26,--:--,0.870
BIALY DUNAJEC,ZAKOPANE  HARENDA,PL,49.31611111,19.9775,58.44,763.09,2023-01-27,--:--,0.860
BIALY DUNAJEC,ZAKOPANE  HARENDA,PL,49.31611111,19.9775,58.44,763.09,2023-01-28,--:--,0.860
BIALY DUNAJEC,ZAKOPANE  HARENDA,PL,49.31611111,19.9775,58.44,763.09,2023-01-29,--:--,0.820
BIALY DUNAJEC,ZAKOPANE  HARENDA,PL,49.31611111,19.9775,58.44,763.09,2023-01-30,--:--,0.840
BIALY DUNAJEC,ZAKOPANE  HARENDA,PL,49.31611111,19.9775,58.44,763.09,2023-01-31,--:--,0.870
BIALY DUNAJEC,ZAKOPANE  HARENDA,PL,49.31611111,19.9775,58.44,763.09,2023-02-01,--:--,0.870
BIALY DUNAJEC,ZAKOPANE  HARENDA,PL,49.31611111,19.9775,58.44,763.09,2023-02-02,--:--,0.870
BIALY DUNAJEC,ZAKOPANE  HARENDA,PL,49.31611111,19.9775,58.44,763.09,2023-02-03,--:--,0.840
BIALY DUNAJEC,ZAKOPANE  HARENDA,PL,49.31611111,19.9775,58.44,763.09,2023-02-04,--:--,0.800
BIALY DUNAJEC,ZAKOPANE  HARENDA,PL,49.31611111,19.9775,58.44,763.09,2023-02-05,--:--,0.790
BIALY DUNAJEC,ZAKOPANE  HARENDA,PL,49.31611111,19.9775,58.44,763.09,2023-02-06,--:--,0.740
BIALY DUNAJEC,ZAKOPANE  HARENDA,PL,49.31611111,19.9775,58.44,763.09,2023-02-07,--:--,0.730
BIALY DUNAJEC,ZAKOPANE  HARENDA,PL,49.31611111,19.9775,58.44,763.09,2023-02-08,--:--,0.750
BIALY DUNAJEC,ZAKOPANE  HARENDA,PL,49.31611111,19.9775,58.44,763.09,2023-02-09,--:--,0.720
BIALY DUNAJEC,ZAKOPANE  HARENDA,PL,49.31611111,19.9775,58.44,763.09,2023-02-10,--:--,0.740
BIALY DUNAJEC,ZAKOPANE  HARENDA,PL,49.31611111,19.9775,58.44,763.09,2023-02-11,--:--,0.750
BIALY DUNAJEC,ZAKOPANE  HARENDA,PL,49.31611111,19.9775,58.44,763.09,2023-02-12,--:--,0.780
BIALY DUNAJEC,ZAKOPANE  HARENDA,PL,49.31611111,19.9775,58.44,763.09,2023-02-13,--:--,0.750
BIALY DUNAJEC,ZAKOPANE  HARENDA,PL,49.31611111,19.9775,58.44,763.09,2023-02-14,--:--,0.770
BIALY DUNAJEC,ZAKOPANE  HARENDA,PL,49.31611111,19.9775,58.44,763.09,2023-02-15,--:--,0.800
BIALY DUNAJEC,ZAKOPANE  HARENDA,PL,49.31611111,19.9775,58.44,763.09,2023-02-16,--:--,0.820
BIALY DUNAJEC,ZAKOPANE  HARENDA,PL,49.31611111,19.9775,58.44,763.09,2023-02-17,--:--,1.150
BIALY DUNAJEC,ZAKOPANE  HARENDA,PL,49.31611111,19.9775,58.44,763.09,2023-02-18,--:--,4.200
BIALY DUNAJEC,ZAKOPANE  HARENDA,PL,49.31611111,19.9775,58.44,763.09,2023-02-19,--:--,6.040
BIALY DUNAJEC,ZAKOPANE  HARENDA,PL,49.31611111,19.9775,58.44,763.09,2023-02-20,--:--,3.460
BIALY DUNAJEC,ZAKOPANE  HARENDA,PL,49.31611111,19.9775,58.44,763.09,2023-02-21,--:--,4.220
BIALY DUNAJEC,ZAKOPANE  HARENDA,PL,49.31611111,19.9775,58.44,763.09,2023-02-22,--:--,3.690
BIALY DUNAJEC,ZAKOPANE  HARENDA,PL,49.31611111,19.9775,58.44,763.09,2023-02-23,--:--,2.690
BIALY DUNAJEC,ZAKOPANE  HARENDA,PL,49.31611111,19.9775,58.44,763.09,2023-02-24,--:--,2.390
BIALY DUNAJEC,ZAKOPANE  HARENDA,PL,49.31611111,19.9775,58.44,763.09,2023-02-25,--:--,3.240
BIALY DUNAJEC,ZAKOPANE  HARENDA,PL,49.31611111,19.9775,58.44,763.09,2023-02-26,--:--,2.320
BIALY DUNAJEC,ZAKOPANE  HARENDA,PL,49.31611111,19.9775,58.44,763.09,2023-02-27,--:--,1.860
BIALY DUNAJEC,ZAKOPANE  HARENDA,PL,49.31611111,19.9775,58.44,763.09,2023-02-28,--:--,1.640
BIALY DUNAJEC,ZAKOPANE  HARENDA,PL,49.31611111,19.9775,58.44,763.09,2023-03-01,--:--,1.510
BIALY DUNAJEC,ZAKOPANE  HARENDA,PL,49.31611111,19.9775,58.44,763.09,2023-03-02,--:--,1.410
BIALY DUNAJEC,ZAKOPANE  HARENDA,PL,49.31611111,19.9775,58.44,763.09,2023-03-03,--:--,1.380
BIALY DUNAJEC,ZAKOPANE  HARENDA,PL,49.31611111,19.9775,58.44,763.09,2023-03-04,--:--,1.340
BIALY DUNAJEC,ZAKOPANE  HARENDA,PL,49.31611111,19.9775,58.44,763.09,2023-03-05,--:--,1.260
BIALY DUNAJEC,ZAKOPANE  HARENDA,PL,49.31611111,19.9775,58.44,763.09,2023-03-06,--:--,1.190
BIALY DUNAJEC,ZAKOPANE  HARENDA,PL,49.31611111,19.9775,58.44,763.09,2023-03-07,--:--,1.130
BIALY DUNAJEC,ZAKOPANE  HARENDA,PL,49.31611111,19.9775,58.44,763.09,2023-03-08,--:--,1.100
BIALY DUNAJEC,ZAKOPANE  HARENDA,PL,49.31611111,19.9775,58.44,763.09,2023-03-09,--:--,1.610
BIALY DUNAJEC,ZAKOPANE  HARENDA,PL,49.31611111,19.9775,58.44,763.09,2023-03-10,--:--,3.410
BIALY DUNAJEC,ZAKOPANE  HARENDA,PL,49.31611111,19.9775,58.44,763.09,2023-03-11,--:--,3.460
BIALY DUNAJEC,ZAKOPANE  HARENDA,PL,49.31611111,19.9775,58.44,763.09,2023-03-12,--:--,2.060
BIALY DUNAJEC,ZAKOPANE  HARENDA,PL,49.31611111,19.9775,58.44,763.09,2023-03-13,--:--,1.900
BIALY DUNAJEC,ZAKOPANE  HARENDA,PL,49.31611111,19.9775,58.44,763.09,2023-03-14,--:--,3.050
BIALY DUNAJEC,ZAKOPANE  HARENDA,PL,49.31611111,19.9775,58.44,763.09,2023-03-15,--:--,2.760
BIALY DUNAJEC,ZAKOPANE  HARENDA,PL,49.31611111,19.9775,58.44,763.09,2023-03-16,--:--,1.990
BIALY DUNAJEC,ZAKOPANE  HARENDA,PL,49.31611111,19.9775,58.44,763.09,2023-03-17,--:--,1.690
BIALY DUNAJEC,ZAKOPANE  HARENDA,PL,49.31611111,19.9775,58.44,763.09,2023-03-18,--:--,1.550
BIALY DUNAJEC,ZAKOPANE  HARENDA,PL,49.31611111,19.9775,58.44,763.09,2023-03-19,--:--,1.480
BIALY DUNAJEC,ZAKOPANE  HARENDA,PL,49.31611111,19.9775,58.44,763.09,2023-03-20,--:--,1.560
BIALY DUNAJEC,ZAKOPANE  HARENDA,PL,49.31611111,19.9775,58.44,763.09,2023-03-21,--:--,1.630
BIALY DUNAJEC,ZAKOPANE  HARENDA,PL,49.31611111,19.9775,58.44,763.09,2023-03-22,--:--,1.640
BIALY DUNAJEC,ZAKOPANE  HARENDA,PL,49.31611111,19.9775,58.44,763.09,2023-03-23,--:--,1.730
BIALY DUNAJEC,ZAKOPANE  HARENDA,PL,49.31611111,19.9775,58.44,763.09,2023-03-24,--:--,2.090
BIALY DUNAJEC,ZAKOPANE  HARENDA,PL,49.31611111,19.9775,58.44,763.09,2023-03-25,--:--,2.360
BIALY DUNAJEC,ZAKOPANE  HARENDA,PL,49.31611111,19.9775,58.44,763.09,2023-03-26,--:--,2.030
BIALY DUNAJEC,ZAKOPANE  HARENDA,PL,49.31611111,19.9775,58.44,763.09,2023-03-27,--:--,2.090
BIALY DUNAJEC,ZAKOPANE  HARENDA,PL,49.31611111,19.9775,58.44,763.09,2023-03-28,--:--,1.920
BIALY DUNAJEC,ZAKOPANE  HARENDA,PL,49.31611111,19.9775,58.44,763.09,2023-03-29,--:--,1.860
BIALY DUNAJEC,ZAKOPANE  HARENDA,PL,49.31611111,19.9775,58.44,763.09,2023-03-30,--:--,1.920
BIALY DUNAJEC,ZAKOPANE  HARENDA,PL,49.31611111,19.9775,58.44,763.09,2023-03-31,--:--,2.840
BIALY DUNAJEC,ZAKOPANE  HARENDA,PL,49.31611111,19.9775,58.44,763.09,2023-04-01,--:--,2.600
BIALY DUNAJEC,ZAKOPANE  HARENDA,PL,49.31611111,19.9775,58.44,763.09,2023-04-02,--:--,2.440
BIALY DUNAJEC,ZAKOPANE  HARENDA,PL,49.31611111,19.9775,58.44,763.09,2023-04-03,--:--,2.200
BIALY DUNAJEC,ZAKOPANE  HARENDA,PL,49.31611111,19.9775,58.44,763.09,2023-04-04,--:--,1.960
BIALY DUNAJEC,ZAKOPANE  HARENDA,PL,49.31611111,19.9775,58.44,763.09,2023-04-05,--:--,1.820
BIALY DUNAJEC,ZAKOPANE  HARENDA,PL,49.31611111,19.9775,58.44,763.09,2023-04-06,--:--,1.720
BIALY DUNAJEC,ZAKOPANE  HARENDA,PL,49.31611111,19.9775,58.44,763.09,2023-04-07,--:--,1.760
BIALY DUNAJEC,ZAKOPANE  HARENDA,PL,49.31611111,19.9775,58.44,763.09,2023-04-08,--:--,1.740
BIALY DUNAJEC,ZAKOPANE  HARENDA,PL,49.31611111,19.9775,58.44,763.09,2023-04-09,--:--,1.740
BIALY DUNAJEC,ZAKOPANE  HARENDA,PL,49.31611111,19.9775,58.44,763.09,2023-04-10,--:--,2.020
BIALY DUNAJEC,ZAKOPANE  HARENDA,PL,49.31611111,19.9775,58.44,763.09,2023-04-11,--:--,2.340
BIALY DUNAJEC,ZAKOPANE  HARENDA,PL,49.31611111,19.9775,58.44,763.09,2023-04-12,--:--,3.020
BIALY DUNAJEC,ZAKOPANE  HARENDA,PL,49.31611111,19.9775,58.44,763.09,2023-04-13,--:--,2.350
BIALY DUNAJEC,ZAKOPANE  HARENDA,PL,49.31611111,19.9775,58.44,763.09,2023-04-14,--:--,2.160
BIALY DUNAJEC,ZAKOPANE  HARENDA,PL,49.31611111,19.9775,58.44,763.09,2023-04-15,--:--,2.140
BIALY DUNAJEC,ZAKOPANE  HARENDA,PL,49.31611111,19.9775,58.44,763.09,2023-04-16,--:--,1.860
BIALY DUNAJEC,ZAKOPANE  HARENDA,PL,49.31611111,19.9775,58.44,763.09,2023-04-17,--:--,2.180
BIALY DUNAJEC,ZAKOPANE  HARENDA,PL,49.31611111,19.9775,58.44,763.09,2023-04-18,--:--,3.000
BIALY DUNAJEC,ZAKOPANE  HARENDA,PL,49.31611111,19.9775,58.44,763.09,2023-04-19,--:--,2.540
BIALY DUNAJEC,ZAKOPANE  HARENDA,PL,49.31611111,19.9775,58.44,763.09,2023-04-20,--:--,2.260
BIALY DUNAJEC,ZAKOPANE  HARENDA,PL,49.31611111,19.9775,58.44,763.09,2023-04-21,--:--,2.110
BIALY DUNAJEC,ZAKOPANE  HARENDA,PL,49.31611111,19.9775,58.44,763.09,2023-04-22,--:--,2.000
BIALY DUNAJEC,ZAKOPANE  HARENDA,PL,49.31611111,19.9775,58.44,763.09,2023-04-23,--:--,2.010
BIALY DUNAJEC,ZAKOPANE  HARENDA,PL,49.31611111,19.9775,58.44,763.09,2023-04-24,--:--,2.130
BIALY DUNAJEC,ZAKOPANE  HARENDA,PL,49.31611111,19.9775,58.44,763.09,2023-04-25,--:--,3.770
BIALY DUNAJEC,ZAKOPANE  HARENDA,PL,49.31611111,19.9775,58.44,763.09,2023-04-26,--:--,3.040
BIALY DUNAJEC,ZAKOPANE  HARENDA,PL,49.31611111,19.9775,58.44,763.09,2023-04-27,--:--,2.500
BIALY DUNAJEC,ZAKOPANE  HARENDA,PL,49.31611111,19.9775,58.44,763.09,2023-04-28,--:--,2.240
BIALY DUNAJEC,ZAKOPANE  HARENDA,PL,49.31611111,19.9775,58.44,763.09,2023-04-29,--:--,2.130
BIALY DUNAJEC,ZAKOPANE  HARENDA,PL,49.31611111,19.9775,58.44,763.09,2023-04-30,--:--,2.490
BIALY DUNAJEC,ZAKOPANE  HARENDA,PL,49.31611111,19.9775,58.44,763.09,2023-05-01,--:--,2.430
BIALY DUNAJEC,ZAKOPANE  HARENDA,PL,49.31611111,19.9775,58.44,763.09,2023-05-02,--:--,2.360
BIALY DUNAJEC,ZAKOPANE  HARENDA,PL,49.31611111,19.9775,58.44,763.09,2023-05-03,--:--,3.960
BIALY DUNAJEC,ZAKOPANE  HARENDA,PL,49.31611111,19.9775,58.44,763.09,2023-05-04,--:--,3.770
BIALY DUNAJEC,ZAKOPANE  HARENDA,PL,49.31611111,19.9775,58.44,763.09,2023-05-05,--:--,3.180
BIALY DUNAJEC,ZAKOPANE  HARENDA,PL,49.31611111,19.9775,58.44,763.09,2023-05-06,--:--,3.180
BIALY DUNAJEC,ZAKOPANE  HARENDA,PL,49.31611111,19.9775,58.44,763.09,2023-05-07,--:--,3.300
BIALY DUNAJEC,ZAKOPANE  HARENDA,PL,49.31611111,19.9775,58.44,763.09,2023-05-08,--:--,3.090
BIALY DUNAJEC,ZAKOPANE  HARENDA,PL,49.31611111,19.9775,58.44,763.09,2023-05-09,--:--,2.850
BIALY DUNAJEC,ZAKOPANE  HARENDA,PL,49.31611111,19.9775,58.44,763.09,2023-05-10,--:--,2.760
BIALY DUNAJEC,ZAKOPANE  HARENDA,PL,49.31611111,19.9775,58.44,763.09,2023-05-11,--:--,2.670
BIALY DUNAJEC,ZAKOPANE  HARENDA,PL,49.31611111,19.9775,58.44,763.09,2023-05-12,--:--,2.640
BIALY DUNAJEC,ZAKOPANE  HARENDA,PL,49.31611111,19.9775,58.44,763.09,2023-05-13,--:--,2.510
BIALY DUNAJEC,ZAKOPANE  HARENDA,PL,49.31611111,19.9775,58.44,763.09,2023-05-14,--:--,2.430
BIALY DUNAJEC,ZAKOPANE  HARENDA,PL,49.31611111,19.9775,58.44,763.09,2023-05-15,--:--,3.050
BIALY DUNAJEC,ZAKOPANE  HARENDA,PL,49.31611111,19.9775,58.44,763.09,2023-05-16,--:--,3.330
BIALY DUNAJEC,ZAKOPANE  HARENDA,PL,49.31611111,19.9775,58.44,763.09,2023-05-17,--:--,6.630
BIALY DUNAJEC,ZAKOPANE  HARENDA,PL,49.31611111,19.9775,58.44,763.09,2023-05-18,--:--,6.390
BIALY DUNAJEC,ZAKOPANE  HARENDA,PL,49.31611111,19.9775,58.44,763.09,2023-05-19,--:--,5.210
BIALY DUNAJEC,ZAKOPANE  HARENDA,PL,49.31611111,19.9775,58.44,763.09,2023-05-20,--:--,4.740
BIALY DUNAJEC,ZAKOPANE  HARENDA,PL,49.31611111,19.9775,58.44,763.09,2023-05-21,--:--,4.490
BIALY DUNAJEC,ZAKOPANE  HARENDA,PL,49.31611111,19.9775,58.44,763.09,2023-05-22,--:--,4.330
BIALY DUNAJEC,ZAKOPANE  HARENDA,PL,49.31611111,19.9775,58.44,763.09,2023-05-23,--:--,4.090
BIALY DUNAJEC,ZAKOPANE  HARENDA,PL,49.31611111,19.9775,58.44,763.09,2023-05-24,--:--,5.000
BIALY DUNAJEC,ZAKOPANE  HARENDA,PL,49.31611111,19.9775,58.44,763.09,2023-05-25,--:--,4.270
BIALY DUNAJEC,ZAKOPANE  HARENDA,PL,49.31611111,19.9775,58.44,763.09,2023-05-26,--:--,3.890
BIALY DUNAJEC,ZAKOPANE  HARENDA,PL,49.31611111,19.9775,58.44,763.09,2023-05-27,--:--,3.670
BIALY DUNAJEC,ZAKOPANE  HARENDA,PL,49.31611111,19.9775,58.44,763.09,2023-05-28,--:--,3.480
BIALY DUNAJEC,ZAKOPANE  HARENDA,PL,49.31611111,19.9775,58.44,763.09,2023-05-29,--:--,3.250
BIALY DUNAJEC,ZAKOPANE  HARENDA,PL,49.31611111,19.9775,58.44,763.09,2023-05-30,--:--,3.300
BIALY DUNAJEC,ZAKOPANE  HARENDA,PL,49.31611111,19.9775,58.44,763.09,2023-05-31,--:--,3.240
BIALY DUNAJEC,ZAKOPANE  HARENDA,PL,49.31611111,19.9775,58.44,763.09,2023-06-01,--:--,3.050
BIALY DUNAJEC,ZAKOPANE  HARENDA,PL,49.31611111,19.9775,58.44,763.09,2023-06-02,--:--,2.880
BIALY DUNAJEC,ZAKOPANE  HARENDA,PL,49.31611111,19.9775,58.44,763.09,2023-06-03,--:--,2.760
BIALY DUNAJEC,ZAKOPANE  HARENDA,PL,49.31611111,19.9775,58.44,763.09,2023-06-04,--:--,2.620
BIALY DUNAJEC,ZAKOPANE  HARENDA,PL,49.31611111,19.9775,58.44,763.09,2023-06-05,--:--,2.480
BIALY DUNAJEC,ZAKOPANE  HARENDA,PL,49.31611111,19.9775,58.44,763.09,2023-06-06,--:--,2.440
BIALY DUNAJEC,ZAKOPANE  HARENDA,PL,49.31611111,19.9775,58.44,763.09,2023-06-07,--:--,2.440
BIALY DUNAJEC,ZAKOPANE  HARENDA,PL,49.31611111,19.9775,58.44,763.09,2023-06-08,--:--,2.390
BIALY DUNAJEC,ZAKOPANE  HARENDA,PL,49.31611111,19.9775,58.44,763.09,2023-06-09,--:--,2.650
BIALY DUNAJEC,ZAKOPANE  HARENDA,PL,49.31611111,19.9775,58.44,763.09,2023-06-10,--:--,3.750
BIALY DUNAJEC,ZAKOPANE  HARENDA,PL,49.31611111,19.9775,58.44,763.09,2023-06-11,--:--,5.320
BIALY DUNAJEC,ZAKOPANE  HARENDA,PL,49.31611111,19.9775,58.44,763.09,2023-06-12,--:--,3.940
BIALY DUNAJEC,ZAKOPANE  HARENDA,PL,49.31611111,19.9775,58.44,763.09,2023-06-13,--:--,3.160
BIALY DUNAJEC,ZAKOPANE  HARENDA,PL,49.31611111,19.9775,58.44,763.09,2023-06-14,--:--,3.210
BIALY DUNAJEC,ZAKOPANE  HARENDA,PL,49.31611111,19.9775,58.44,763.09,2023-06-15,--:--,2.800
BIALY DUNAJEC,ZAKOPANE  HARENDA,PL,49.31611111,19.9775,58.44,763.09,2023-06-16,--:--,2.490
BIALY DUNAJEC,ZAKOPANE  HARENDA,PL,49.31611111,19.9775,58.44,763.09,2023-06-17,--:--,2.360
BIALY DUNAJEC,ZAKOPANE  HARENDA,PL,49.31611111,19.9775,58.44,763.09,2023-06-18,--:--,2.210
BIALY DUNAJEC,ZAKOPANE  HARENDA,PL,49.31611111,19.9775,58.44,763.09,2023-06-19,--:--,2.100
BIALY DUNAJEC,ZAKOPANE  HARENDA,PL,49.31611111,19.9775,58.44,763.09,2023-06-20,--:--,1.990
BIALY DUNAJEC,ZAKOPANE  HARENDA,PL,49.31611111,19.9775,58.44,763.09,2023-06-21,--:--,2.110
BIALY DUNAJEC,ZAKOPANE  HARENDA,PL,49.31611111,19.9775,58.44,763.09,2023-06-22,--:--,2.060
BIALY DUNAJEC,ZAKOPANE  HARENDA,PL,49.31611111,19.9775,58.44,763.09,2023-06-23,--:--,3.130
BIALY DUNAJEC,ZAKOPANE  HARENDA,PL,49.31611111,19.9775,58.44,763.09,2023-06-24,--:--,6.880
BIALY DUNAJEC,ZAKOPANE  HARENDA,PL,49.31611111,19.9775,58.44,763.09,2023-06-25,--:--,3.950
BIALY DUNAJEC,ZAKOPANE  HARENDA,PL,49.31611111,19.9775,58.44,763.09,2023-06-26,--:--,2.830
BIALY DUNAJEC,ZAKOPANE  HARENDA,PL,49.31611111,19.9775,58.44,763.09,2023-06-27,--:--,3.470
BIALY DUNAJEC,ZAKOPANE  HARENDA,PL,49.31611111,19.9775,58.44,763.09,2023-06-28,--:--,3.120
BIALY DUNAJEC,ZAKOPANE  HARENDA,PL,49.31611111,19.9775,58.44,763.09,2023-06-29,--:--,3.100
BIALY DUNAJEC,ZAKOPANE  HARENDA,PL,49.31611111,19.9775,58.44,763.09,2023-06-30,--:--,2.630
BIALY DUNAJEC,ZAKOPANE  HARENDA,PL,49.31611111,19.9775,58.44,763.09,2023-07-01,--:--,2.380
BIALY DUNAJEC,ZAKOPANE  HARENDA,PL,49.31611111,19.9775,58.44,763.09,2023-07-02,--:--,2.180
BIALY DUNAJEC,ZAKOPANE  HARENDA,PL,49.31611111,19.9775,58.44,763.09,2023-07-03,--:--,2.040
BIALY DUNAJEC,ZAKOPANE  HARENDA,PL,49.31611111,19.9775,58.44,763.09,2023-07-04,--:--,1.940
BIALY DUNAJEC,ZAKOPANE  HARENDA,PL,49.31611111,19.9775,58.44,763.09,2023-07-05,--:--,2.090
BIALY DUNAJEC,ZAKOPANE  HARENDA,PL,49.31611111,19.9775,58.44,763.09,2023-07-06,--:--,2.030
BIALY DUNAJEC,ZAKOPANE  HARENDA,PL,49.31611111,19.9775,58.44,763.09,2023-07-07,--:--,1.840
BIALY DUNAJEC,ZAKOPANE  HARENDA,PL,49.31611111,19.9775,58.44,763.09,2023-07-08,--:--,1.730
BIALY DUNAJEC,ZAKOPANE  HARENDA,PL,49.31611111,19.9775,58.44,763.09,2023-07-09,--:--,1.650
BIALY DUNAJEC,ZAKOPANE  HARENDA,PL,49.31611111,19.9775,58.44,763.09,2023-07-10,--:--,1.650
BIALY DUNAJEC,ZAKOPANE  HARENDA,PL,49.31611111,19.9775,58.44,763.09,2023-07-11,--:--,1.610
BIALY DUNAJEC,ZAKOPANE  HARENDA,PL,49.31611111,19.9775,58.44,763.09,2023-07-12,--:--,1.550
BIALY DUNAJEC,ZAKOPANE  HARENDA,PL,49.31611111,19.9775,58.44,763.09,2023-07-13,--:--,3.170
BIALY DUNAJEC,ZAKOPANE  HARENDA,PL,49.31611111,19.9775,58.44,763.09,2023-07-14,--:--,1.980
BIALY DUNAJEC,ZAKOPANE  HARENDA,PL,49.31611111,19.9775,58.44,763.09,2023-07-15,--:--,1.660
BIALY DUNAJEC,ZAKOPANE  HARENDA,PL,49.31611111,19.9775,58.44,763.09,2023-07-16,--:--,1.550
BIALY DUNAJEC,ZAKOPANE  HARENDA,PL,49.31611111,19.9775,58.44,763.09,2023-07-17,--:--,3.050
BIALY DUNAJEC,ZAKOPANE  HARENDA,PL,49.31611111,19.9775,58.44,763.09,2023-07-18,--:--,2.140
BIALY DUNAJEC,ZAKOPANE  HARENDA,PL,49.31611111,19.9775,58.44,763.09,2023-07-19,--:--,1.860
BIALY DUNAJEC,ZAKOPANE  HARENDA,PL,49.31611111,19.9775,58.44,763.09,2023-07-20,--:--,1.630
BIALY DUNAJEC,ZAKOPANE  HARENDA,PL,49.31611111,19.9775,58.44,763.09,2023-07-21,--:--,1.530
BIALY DUNAJEC,ZAKOPANE  HARENDA,PL,49.31611111,19.9775,58.44,763.09,2023-07-22,--:--,1.470
BIALY DUNAJEC,ZAKOPANE  HARENDA,PL,49.31611111,19.9775,58.44,763.09,2023-07-23,--:--,1.380
BIALY DUNAJEC,ZAKOPANE  HARENDA,PL,49.31611111,19.9775,58.44,763.09,2023-07-24,--:--,1.500
BIALY DUNAJEC,ZAKOPANE  HARENDA,PL,49.31611111,19.9775,58.44,763.09,2023-07-25,--:--,2.050
BIALY DUNAJEC,ZAKOPANE  HARENDA,PL,49.31611111,19.9775,58.44,763.09,2023-07-26,--:--,5.130
BIALY DUNAJEC,ZAKOPANE  HARENDA,PL,49.31611111,19.9775,58.44,763.09,2023-07-27,--:--,3.390
BIALY DUNAJEC,ZAKOPANE  HARENDA,PL,49.31611111,19.9775,58.44,763.09,2023-07-28,--:--,2.190
BIALY DUNAJEC,ZAKOPANE  HARENDA,PL,49.31611111,19.9775,58.44,763.09,2023-07-29,--:--,1.920
BIALY DUNAJEC,ZAKOPANE  HARENDA,PL,49.31611111,19.9775,58.44,763.09,2023-07-30,--:--,1.750
BIALY DUNAJEC,ZAKOPANE  HARENDA,PL,49.31611111,19.9775,58.44,763.09,2023-07-31,--:--,1.600
BIALY DUNAJEC,ZAKOPANE  HARENDA,PL,49.31611111,19.9775,58.44,763.09,2023-08-01,--:--,1.710
BIALY DUNAJEC,ZAKOPANE  HARENDA,PL,49.31611111,19.9775,58.44,763.09,2023-08-02,--:--,1.680
BIALY DUNAJEC,ZAKOPANE  HARENDA,PL,49.31611111,19.9775,58.44,763.09,2023-08-03,--:--,1.600
BIALY DUNAJEC,ZAKOPANE  HARENDA,PL,49.31611111,19.9775,58.44,763.09,2023-08-04,--:--,1.490
BIALY DUNAJEC,ZAKOPANE  HARENDA,PL,49.31611111,19.9775,58.44,763.09,2023-08-05,--:--,5.120
BIALY DUNAJEC,ZAKOPANE  HARENDA,PL,49.31611111,19.9775,58.44,763.09,2023-08-06,--:--,9.760
BIALY DUNAJEC,ZAKOPANE  HARENDA,PL,49.31611111,19.9775,58.44,763.09,2023-08-07,--:--,5.950
BIALY DUNAJEC,ZAKOPANE  HARENDA,PL,49.31611111,19.9775,58.44,763.09,2023-08-08,--:--,3.910
BIALY DUNAJEC,ZAKOPANE  HARENDA,PL,49.31611111,19.9775,58.44,763.09,2023-08-09,--:--,3.250
BIALY DUNAJEC,ZAKOPANE  HARENDA,PL,49.31611111,19.9775,58.44,763.09,2023-08-10,--:--,2.910
BIALY DUNAJEC,ZAKOPANE  HARENDA,PL,49.31611111,19.9775,58.44,763.09,2023-08-11,--:--,2.610
BIALY DUNAJEC,ZAKOPANE  HARENDA,PL,49.31611111,19.9775,58.44,763.09,2023-08-12,--:--,2.390
BIALY DUNAJEC,ZAKOPANE  HARENDA,PL,49.31611111,19.9775,58.44,763.09,2023-08-13,--:--,2.170
BIALY DUNAJEC,ZAKOPANE  HARENDA,PL,49.31611111,19.9775,58.44,763.09,2023-08-14,--:--,2.040
BIALY DUNAJEC,ZAKOPANE  HARENDA,PL,49.31611111,19.9775,58.44,763.09,2023-08-15,--:--,1.890
BIALY DUNAJEC,ZAKOPANE  HARENDA,PL,49.31611111,19.9775,58.44,763.09,2023-08-16,--:--,1.830
BIALY DUNAJEC,ZAKOPANE  HARENDA,PL,49.31611111,19.9775,58.44,763.09,2023-08-17,--:--,1.860
BIALY DUNAJEC,ZAKOPANE  HARENDA,PL,49.31611111,19.9775,58.44,763.09,2023-08-18,--:--,1.720
BIALY DUNAJEC,ZAKOPANE  HARENDA,PL,49.31611111,19.9775,58.44,763.09,2023-08-19,--:--,1.900
BIALY DUNAJEC,ZAKOPANE  HARENDA,PL,49.31611111,19.9775,58.44,763.09,2023-08-20,--:--,1.690
BIALY DUNAJEC,ZAKOPANE  HARENDA,PL,49.31611111,19.9775,58.44,763.09,2023-08-21,--:--,2.320
BIALY DUNAJEC,ZAKOPANE  HARENDA,PL,49.31611111,19.9775,58.44,763.09,2023-08-22,--:--,2.430
BIALY DUNAJEC,ZAKOPANE  HARENDA,PL,49.31611111,19.9775,58.44,763.09,2023-08-23,--:--,3.490
BIALY DUNAJEC,ZAKOPANE  HARENDA,PL,49.31611111,19.9775,58.44,763.09,2023-08-24,--:--,2.010
BIALY DUNAJEC,ZAKOPANE  HARENDA,PL,49.31611111,19.9775,58.44,763.09,2023-08-25,--:--,1.760
BIALY DUNAJEC,ZAKOPANE  HARENDA,PL,49.31611111,19.9775,58.44,763.09,2023-08-26,--:--,1.670
BIALY DUNAJEC,ZAKOPANE  HARENDA,PL,49.31611111,19.9775,58.44,763.09,2023-08-27,--:--,2.100
BIALY DUNAJEC,ZAKOPANE  HARENDA,PL,49.31611111,19.9775,58.44,763.09,2023-08-28,--:--,1.600
BIALY DUNAJEC,ZAKOPANE  HARENDA,PL,49.31611111,19.9775,58.44,763.09,2023-08-29,--:--,1.510
BIALY DUNAJEC,ZAKOPANE  HARENDA,PL,49.31611111,19.9775,58.44,763.09,2023-08-30,--:--,1.520
BIALY DUNAJEC,ZAKOPANE  HARENDA,PL,49.31611111,19.9775,58.44,763.09,2023-08-31,--:--,2.120
BIALY DUNAJEC,ZAKOPANE  HARENDA,PL,49.31611111,19.9775,58.44,763.09,2023-09-01,--:--,1.620
BIALY DUNAJEC,ZAKOPANE  HARENDA,PL,49.31611111,19.9775,58.44,763.09,2023-09-02,--:--,1.510
BIALY DUNAJEC,ZAKOPANE  HARENDA,PL,49.31611111,19.9775,58.44,763.09,2023-09-03,--:--,3.340
BIALY DUNAJEC,ZAKOPANE  HARENDA,PL,49.31611111,19.9775,58.44,763.09,2023-09-04,--:--,2.670
BIALY DUNAJEC,ZAKOPANE  HARENDA,PL,49.31611111,19.9775,58.44,763.09,2023-09-05,--:--,1.880
BIALY DUNAJEC,ZAKOPANE  HARENDA,PL,49.31611111,19.9775,58.44,763.09,2023-09-06,--:--,1.620
BIALY DUNAJEC,ZAKOPANE  HARENDA,PL,49.31611111,19.9775,58.44,763.09,2023-09-07,--:--,1.480
BIALY DUNAJEC,ZAKOPANE  HARENDA,PL,49.31611111,19.9775,58.44,763.09,2023-09-08,--:--,1.390
BIALY DUNAJEC,ZAKOPANE  HARENDA,PL,49.31611111,19.9775,58.44,763.09,2023-09-09,--:--,1.340
BIALY DUNAJEC,ZAKOPANE  HARENDA,PL,49.31611111,19.9775,58.44,763.09,2023-09-10,--:--,1.280
BIALY DUNAJEC,ZAKOPANE  HARENDA,PL,49.31611111,19.9775,58.44,763.09,2023-09-11,--:--,1.220
BIALY DUNAJEC,ZAKOPANE  HARENDA,PL,49.31611111,19.9775,58.44,763.09,2023-09-12,--:--,1.200
BIALY DUNAJEC,ZAKOPANE  HARENDA,PL,49.31611111,19.9775,58.44,763.09,2023-09-13,--:--,1.160
BIALY DUNAJEC,ZAKOPANE  HARENDA,PL,49.31611111,19.9775,58.44,763.09,2023-09-14,--:--,1.610
BIALY DUNAJEC,ZAKOPANE  HARENDA,PL,49.31611111,19.9775,58.44,763.09,2023-09-15,--:--,1.380
BIALY DUNAJEC,ZAKOPANE  HARENDA,PL,49.31611111,19.9775,58.44,763.09,2023-09-16,--:--,1.260
BIALY DUNAJEC,ZAKOPANE  HARENDA,PL,49.31611111,19.9775,58.44,763.09,2023-09-17,--:--,1.190
BIALY DUNAJEC,ZAKOPANE  HARENDA,PL,49.31611111,19.9775,58.44,763.09,2023-09-18,--:--,1.160
BIALY DUNAJEC,ZAKOPANE  HARENDA,PL,49.31611111,19.9775,58.44,763.09,2023-09-19,--:--,1.680
BIALY DUNAJEC,ZAKOPANE  HARENDA,PL,49.31611111,19.9775,58.44,763.09,2023-09-20,--:--,1.300
BIALY DUNAJEC,ZAKOPANE  HARENDA,PL,49.31611111,19.9775,58.44,763.09,2023-09-21,--:--,1.160
BIALY DUNAJEC,ZAKOPANE  HARENDA,PL,49.31611111,19.9775,58.44,763.09,2023-09-22,--:--,1.120
BIALY DUNAJEC,ZAKOPANE  HARENDA,PL,49.31611111,19.9775,58.44,763.09,2023-09-23,--:--,1.490
BIALY DUNAJEC,ZAKOPANE  HARENDA,PL,49.31611111,19.9775,58.44,763.09,2023-09-24,--:--,4.530
BIALY DUNAJEC,ZAKOPANE  HARENDA,PL,49.31611111,19.9775,58.44,763.09,2023-09-25,--:--,2.820
BIALY DUNAJEC,ZAKOPANE  HARENDA,PL,49.31611111,19.9775,58.44,763.09,2023-09-26,--:--,2.090
BIALY DUNAJEC,ZAKOPANE  HARENDA,PL,49.31611111,19.9775,58.44,763.09,2023-09-27,--:--,1.800
BIALY DUNAJEC,ZAKOPANE  HARENDA,PL,49.31611111,19.9775,58.44,763.09,2023-09-28,--:--,1.620
BIALY DUNAJEC,ZAKOPANE  HARENDA,PL,49.31611111,19.9775,58.44,763.09,2023-09-29,--:--,1.510
BIALY DUNAJEC,ZAKOPANE  HARENDA,PL,49.31611111,19.9775,58.44,763.09,2023-09-30,--:--,1.670
BIALY DUNAJEC,ZAKOPANE  HARENDA,PL,49.31611111,19.9775,58.44,763.09,2023-10-01,--:--,1.540
BIALY DUNAJEC,ZAKOPANE  HARENDA,PL,49.31611111,19.9775,58.44,763.09,2023-10-02,--:--,1.400
BIALY DUNAJEC,ZAKOPANE  HARENDA,PL,49.31611111,19.9775,58.44,763.09,2023-10-03,--:--,1.350
BIALY DUNAJEC,ZAKOPANE  HARENDA,PL,49.31611111,19.9775,58.44,763.09,2023-10-04,--:--,1.320
BIALY DUNAJEC,ZAKOPANE  HARENDA,PL,49.31611111,19.9775,58.44,763.09,2023-10-05,--:--,1.260
BIALY DUNAJEC,ZAKOPANE  HARENDA,PL,49.31611111,19.9775,58.44,763.09,2023-10-06,--:--,1.240
BIALY DUNAJEC,ZAKOPANE  HARENDA,PL,49.31611111,19.9775,58.44,763.09,2023-10-07,--:--,1.200
BIALY DUNAJEC,ZAKOPANE  HARENDA,PL,49.31611111,19.9775,58.44,763.09,2023-10-08,--:--,1.450
BIALY DUNAJEC,ZAKOPANE  HARENDA,PL,49.31611111,19.9775,58.44,763.09,2023-10-09,--:--,1.370
BIALY DUNAJEC,ZAKOPANE  HARENDA,PL,49.31611111,19.9775,58.44,763.09,2023-10-10,--:--,1.300
BIALY DUNAJEC,ZAKOPANE  HARENDA,PL,49.31611111,19.9775,58.44,763.09,2023-10-11,--:--,1.230
BIALY DUNAJEC,ZAKOPANE  HARENDA,PL,49.31611111,19.9775,58.44,763.09,2023-10-12,--:--,1.200
BIALY DUNAJEC,ZAKOPANE  HARENDA,PL,49.31611111,19.9775,58.44,763.09,2023-10-13,--:--,1.310
BIALY DUNAJEC,ZAKOPANE  HARENDA,PL,49.31611111,19.9775,58.44,763.09,2023-10-14,--:--,1.280
BIALY DUNAJEC,ZAKOPANE  HARENDA,PL,49.31611111,19.9775,58.44,763.09,2023-10-15,--:--,1.630
BIALY DUNAJEC,ZAKOPANE  HARENDA,PL,49.31611111,19.9775,58.44,763.09,2023-10-16,--:--,1.420
BIALY DUNAJEC,ZAKOPANE  HARENDA,PL,49.31611111,19.9775,58.44,763.09,2023-10-17,--:--,1.300
BIALY DUNAJEC,ZAKOPANE  HARENDA,PL,49.31611111,19.9775,58.44,763.09,2023-10-18,--:--,1.210
BIALY DUNAJEC,ZAKOPANE  HARENDA,PL,49.31611111,19.9775,58.44,763.09,2023-10-19,--:--,1.160
BIALY DUNAJEC,ZAKOPANE  HARENDA,PL,49.31611111,19.9775,58.44,763.09,2023-10-20,--:--,1.120
BIALY DUNAJEC,ZAKOPANE  HARENDA,PL,49.31611111,19.9775,58.44,763.09,2023-10-21,--:--,1.130
BIALY DUNAJEC,ZAKOPANE  HARENDA,PL,49.31611111,19.9775,58.44,763.09,2023-10-22,--:--,2.570
BIALY DUNAJEC,ZAKOPANE  HARENDA,PL,49.31611111,19.9775,58.44,763.09,2023-10-23,--:--,1.720
BIALY DUNAJEC,ZAKOPANE  HARENDA,PL,49.31611111,19.9775,58.44,763.09,2023-10-24,--:--,1.470
BIALY DUNAJEC,ZAKOPANE  HARENDA,PL,49.31611111,19.9775,58.44,763.09,2023-10-25,--:--,2.540
BIALY DUNAJEC,ZAKOPANE  HARENDA,PL,49.31611111,19.9775,58.44,763.09,2023-10-26,--:--,1.970
BIALY DUNAJEC,ZAKOPANE  HARENDA,PL,49.31611111,19.9775,58.44,763.09,2023-10-27,--:--,3.790
BIALY DUNAJEC,ZAKOPANE  HARENDA,PL,49.31611111,19.9775,58.44,763.09,2023-10-28,--:--,3.790
BIALY DUNAJEC,ZAKOPANE  HARENDA,PL,49.31611111,19.9775,58.44,763.09,2023-10-29,--:--,2.520
BIALY DUNAJEC,ZAKOPANE  HARENDA,PL,49.31611111,19.9775,58.44,763.09,2023-10-30,--:--,2.130
BIALY DUNAJEC,ZAKOPANE  HARENDA,PL,49.31611111,19.9775,58.44,763.09,2023-10-31,--:--,2.640
BIALY DUNAJEC,ZAKOPANE  HARENDA,PL,49.31611111,19.9775,58.44,763.09,2023-11-01,--:--,2.830
BIALY DUNAJEC,ZAKOPANE  HARENDA,PL,49.31611111,19.9775,58.44,763.09,2023-11-02,--:--,2.300
BIALY DUNAJEC,ZAKOPANE  HARENDA,PL,49.31611111,19.9775,58.44,763.09,2023-11-03,--:--,2.840
BIALY DUNAJEC,ZAKOPANE  HARENDA,PL,49.31611111,19.9775,58.44,763.09,2023-11-04,--:--,2.920
BIALY DUNAJEC,ZAKOPANE  HARENDA,PL,49.31611111,19.9775,58.44,763.09,2023-11-05,--:--,3.440
BIALY DUNAJEC,ZAKOPANE  HARENDA,PL,49.31611111,19.9775,58.44,763.09,2023-11-06,--:--,3.010
BIALY DUNAJEC,ZAKOPANE  HARENDA,PL,49.31611111,19.9775,58.44,763.09,2023-11-07,--:--,2.470
BIALY DUNAJEC,ZAKOPANE  HARENDA,PL,49.31611111,19.9775,58.44,763.09,2023-11-08,--:--,2.840
BIALY DUNAJEC,ZAKOPANE  HARENDA,PL,49.31611111,19.9775,58.44,763.09,2023-11-09,--:--,2.390
BIALY DUNAJEC,ZAKOPANE  HARENDA,PL,49.31611111,19.9775,58.44,763.09,2023-11-10,--:--,2.160
BIALY DUNAJEC,ZAKOPANE  HARENDA,PL,49.31611111,19.9775,58.44,763.09,2023-11-11,--:--,2.470
BIALY DUNAJEC,ZAKOPANE  HARENDA,PL,49.31611111,19.9775,58.44,763.09,2023-11-12,--:--,3.240
BIALY DUNAJEC,ZAKOPANE  HARENDA,PL,49.31611111,19.9775,58.44,763.09,2023-11-13,--:--,2.480
BIALY DUNAJEC,ZAKOPANE  HARENDA,PL,49.31611111,19.9775,58.44,763.09,2023-11-14,--:--,2.820
BIALY DUNAJEC,ZAKOPANE  HARENDA,PL,49.31611111,19.9775,58.44,763.09,2023-11-15,--:--,2.840
BIALY DUNAJEC,ZAKOPANE  HARENDA,PL,49.31611111,19.9775,58.44,763.09,2023-11-16,--:--,2.560
BIALY DUNAJEC,ZAKOPANE  HARENDA,PL,49.31611111,19.9775,58.44,763.09,2023-11-17,--:--,2.790
BIALY DUNAJEC,ZAKOPANE  HARENDA,PL,49.31611111,19.9775,58.44,763.09,2023-11-18,--:--,2.520
BIALY DUNAJEC,ZAKOPANE  HARENDA,PL,49.31611111,19.9775,58.44,763.09,2023-11-19,--:--,2.240
BIALY DUNAJEC,ZAKOPANE  HARENDA,PL,49.31611111,19.9775,58.44,763.09,2023-11-20,--:--,2.930
BIALY DUNAJEC,ZAKOPANE  HARENDA,PL,49.31611111,19.9775,58.44,763.09,2023-11-21,--:--,3.170
BIALY DUNAJEC,ZAKOPANE  HARENDA,PL,49.31611111,19.9775,58.44,763.09,2023-11-22,--:--,2.740
BIALY DUNAJEC,ZAKOPANE  HARENDA,PL,49.31611111,19.9775,58.44,763.09,2023-11-23,--:--,2.320
BIALY DUNAJEC,ZAKOPANE  HARENDA,PL,49.31611111,19.9775,58.44,763.09,2023-11-24,--:--,2.260
BIALY DUNAJEC,ZAKOPANE  HARENDA,PL,49.31611111,19.9775,58.44,763.09,2023-11-25,--:--,2.000
BIALY DUNAJEC,ZAKOPANE  HARENDA,PL,49.31611111,19.9775,58.44,763.09,2023-11-26,--:--,1.800
BIALY DUNAJEC,ZAKOPANE  HARENDA,PL,49.31611111,19.9775,58.44,763.09,2023-11-27,--:--,1.660
BIALY DUNAJEC,ZAKOPANE  HARENDA,PL,49.31611111,19.9775,58.44,763.09,2023-11-28,--:--,1.640
BIALY DUNAJEC,ZAKOPANE  HARENDA,PL,49.31611111,19.9775,58.44,763.09,2023-11-29,--:--,1.440
BIALY DUNAJEC,ZAKOPANE  HARENDA,PL,49.31611111,19.9775,58.44,763.09,2023-11-30,--:--,1.470
BIALY DUNAJEC,ZAKOPANE  HARENDA,PL,49.31611111,19.9775,58.44,763.09,2023-12-01,--:--,1.510
BIALY DUNAJEC,ZAKOPANE  HARENDA,PL,49.31611111,19.9775,58.44,763.09,2023-12-02,--:--,1.480
BIALY DUNAJEC,ZAKOPANE  HARENDA,PL,49.31611111,19.9775,58.44,763.09,2023-12-03,--:--,1.320
BIALY DUNAJEC,ZAKOPANE  HARENDA,PL,49.31611111,19.9775,58.44,763.09,2023-12-04,--:--,1.200
BIALY DUNAJEC,ZAKOPANE  HARENDA,PL,49.31611111,19.9775,58.44,763.09,2023-12-05,--:--,1.270
BIALY DUNAJEC,ZAKOPANE  HARENDA,PL,49.31611111,19.9775,58.44,763.09,2023-12-06,--:--,1.250
BIALY DUNAJEC,ZAKOPANE  HARENDA,PL,49.31611111,19.9775,58.44,763.09,2023-12-07,--:--,1.270
BIALY DUNAJEC,ZAKOPANE  HARENDA,PL,49.31611111,19.9775,58.44,763.09,2023-12-08,--:--,1.130
BIALY DUNAJEC,ZAKOPANE  HARENDA,PL,49.31611111,19.9775,58.44,763.09,2023-12-09,--:--,1.100
BIALY DUNAJEC,ZAKOPANE  HARENDA,PL,49.31611111,19.9775,58.44,763.09,2023-12-10,--:--,1.110
BIALY DUNAJEC,ZAKOPANE  HARENDA,PL,49.31611111,19.9775,58.44,763.09,2023-12-11,--:--,1.190
BIALY DUNAJEC,ZAKOPANE  HARENDA,PL,49.31611111,19.9775,58.44,763.09,2023-12-12,--:--,1.400
BIALY DUNAJEC,ZAKOPANE  HARENDA,PL,49.31611111,19.9775,58.44,763.09,2023-12-13,--:--,1.350
BIALY DUNAJEC,ZAKOPANE  HARENDA,PL,49.31611111,19.9775,58.44,763.09,2023-12-14,--:--,1.380
BIALY DUNAJEC,ZAKOPANE  HARENDA,PL,49.31611111,19.9775,58.44,763.09,2023-12-15,--:--,1.350
BIALY DUNAJEC,ZAKOPANE  HARENDA,PL,49.31611111,19.9775,58.44,763.09,2023-12-16,--:--,1.280
BIALY DUNAJEC,ZAKOPANE  HARENDA,PL,49.31611111,19.9775,58.44,763.09,2023-12-17,--:--,1.290
BIALY DUNAJEC,ZAKOPANE  HARENDA,PL,49.31611111,19.9775,58.44,763.09,2023-12-18,--:--,1.590
BIALY DUNAJEC,ZAKOPANE  HARENDA,PL,49.31611111,19.9775,58.44,763.09,2023-12-19,--:--,1.740
BIALY DUNAJEC,ZAKOPANE  HARENDA,PL,49.31611111,19.9775,58.44,763.09,2023-12-20,--:--,1.880
BIALY DUNAJEC,ZAKOPANE  HARENDA,PL,49.31611111,19.9775,58.44,763.09,2023-12-21,--:--,1.690
BIALY DUNAJEC,ZAKOPANE  HARENDA,PL,49.31611111,19.9775,58.44,763.09,2023-12-22,--:--,1.780
BIALY DUNAJEC,ZAKOPANE  HARENDA,PL,49.31611111,19.9775,58.44,763.09,2023-12-23,--:--,1.480
BIALY DUNAJEC,ZAKOPANE  HARENDA,PL,49.31611111,19.9775,58.44,763.09,2023-12-24,--:--,1.530
BIALY DUNAJEC,ZAKOPANE  HARENDA,PL,49.31611111,19.9775,58.44,763.09,2023-12-25,--:--,3.510
BIALY DUNAJEC,ZAKOPANE  HARENDA,PL,49.31611111,19.9775,58.44,763.09,2023-12-26,--:--,3.490
BIALY DUNAJEC,ZAKOPANE  HARENDA,PL,49.31611111,19.9775,58.44,763.09,2023-12-27,--:--,2.220
BIALY DUNAJEC,ZAKOPANE  HARENDA,PL,49.31611111,19.9775,58.44,763.09,2023-12-28,--:--,1.590
BIALY DUNAJEC,ZAKOPANE  HARENDA,PL,49.31611111,19.9775,58.44,763.09,2023-12-29,--:--,1.370
BIALY DUNAJEC,ZAKOPANE  HARENDA,PL,49.31611111,19.9775,58.44,763.09,2023-12-30,--:--,1.270
BIALY DUNAJEC,ZAKOPANE  HARENDA,PL,49.31611111,19.9775,58.44,763.09,2023-12-31,--:--,1.160
BIALY DUNAJEC,ZAKOPANE  HARENDA,PL,49.31611111,19.9775,58.44,763.09,2024-01-01,--:--,1.270
BIALY DUNAJEC,ZAKOPANE  HARENDA,PL,49.31611111,19.9775,58.44,763.09,2024-01-02,--:--,1.120
BIALY DUNAJEC,ZAKOPANE  HARENDA,PL,49.31611111,19.9775,58.44,763.09,2024-01-03,--:--,1.470
BIALY DUNAJEC,ZAKOPANE  HARENDA,PL,49.31611111,19.9775,58.44,763.09,2024-01-04,--:--,1.600
BIALY DUNAJEC,ZAKOPANE  HARENDA,PL,49.31611111,19.9775,58.44,763.09,2024-01-05,--:--,1.350
BIALY DUNAJEC,ZAKOPANE  HARENDA,PL,49.31611111,19.9775,58.44,763.09,2024-01-06,--:--,1.240
BIALY DUNAJEC,ZAKOPANE  HARENDA,PL,49.31611111,19.9775,58.44,763.09,2024-01-07,--:--,1.170
BIALY DUNAJEC,ZAKOPANE  HARENDA,PL,49.31611111,19.9775,58.44,763.09,2024-01-08,--:--,0.820
BIALY DUNAJEC,ZAKOPANE  HARENDA,PL,49.31611111,19.9775,58.44,763.09,2024-01-09,--:--,0.690
BIALY DUNAJEC,ZAKOPANE  HARENDA,PL,49.31611111,19.9775,58.44,763.09,2024-01-10,--:--,0.770
BIALY DUNAJEC,ZAKOPANE  HARENDA,PL,49.31611111,19.9775,58.44,763.09,2024-01-11,--:--,0.790
BIALY DUNAJEC,ZAKOPANE  HARENDA,PL,49.31611111,19.9775,58.44,763.09,2024-01-12,--:--,0.750
BIALY DUNAJEC,ZAKOPANE  HARENDA,PL,49.31611111,19.9775,58.44,763.09,2024-01-13,--:--,0.690
BIALY DUNAJEC,ZAKOPANE  HARENDA,PL,49.31611111,19.9775,58.44,763.09,2024-01-14,--:--,0.710
BIALY DUNAJEC,ZAKOPANE  HARENDA,PL,49.31611111,19.9775,58.44,763.09,2024-01-15,--:--,0.700
BIALY DUNAJEC,ZAKOPANE  HARENDA,PL,49.31611111,19.9775,58.44,763.09,2024-01-16,--:--,0.800
BIALY DUNAJEC,ZAKOPANE  HARENDA,PL,49.31611111,19.9775,58.44,763.09,2024-01-17,--:--,0.820
BIALY DUNAJEC,ZAKOPANE  HARENDA,PL,49.31611111,19.9775,58.44,763.09,2024-01-18,--:--,1.150
BIALY DUNAJEC,ZAKOPANE  HARENDA,PL,49.31611111,19.9775,58.44,763.09,2024-01-19,--:--,0.930
BIALY DUNAJEC,ZAKOPANE  HARENDA,PL,49.31611111,19.9775,58.44,763.09,2024-01-20,--:--,0.760
BIALY DUNAJEC,ZAKOPANE  HARENDA,PL,49.31611111,19.9775,58.44,763.09,2024-01-21,--:--,0.760
BIALY DUNAJEC,ZAKOPANE  HARENDA,PL,49.31611111,19.9775,58.44,763.09,2024-01-22,--:--,0.760
BIALY DUNAJEC,ZAKOPANE  HARENDA,PL,49.31611111,19.9775,58.44,763.09,2024-01-23,--:--,0.780
BIALY DUNAJEC,ZAKOPANE  HARENDA,PL,49.31611111,19.9775,58.44,763.09,2024-01-24,--:--,1.060
BIALY DUNAJEC,ZAKOPANE  HARENDA,PL,49.31611111,19.9775,58.44,763.09,2024-01-25,--:--,1.220
BIALY DUNAJEC,ZAKOPANE  HARENDA,PL,49.31611111,19.9775,58.44,763.09,2024-01-26,--:--,1.020
BIALY DUNAJEC,ZAKOPANE  HARENDA,PL,49.31611111,19.9775,58.44,763.09,2024-01-27,--:--,1.100
BIALY DUNAJEC,ZAKOPANE  HARENDA,PL,49.31611111,19.9775,58.44,763.09,2024-01-28,--:--,0.910
BIALY DUNAJEC,ZAKOPANE  HARENDA,PL,49.31611111,19.9775,58.44,763.09,2024-01-29,--:--,0.840
BIALY DUNAJEC,ZAKOPANE  HARENDA,PL,49.31611111,19.9775,58.44,763.09,2024-01-30,--:--,0.790
BIALY DUNAJEC,ZAKOPANE  HARENDA,PL,49.31611111,19.9775,58.44,763.09,2024-01-31,--:--,0.780
BIALY DUNAJEC,ZAKOPANE  HARENDA,PL,49.31611111,19.9775,58.44,763.09,2024-02-01,--:--,0.760
BIALY DUNAJEC,ZAKOPANE  HARENDA,PL,49.31611111,19.9775,58.44,763.09,2024-02-02,--:--,0.710
BIALY DUNAJEC,ZAKOPANE  HARENDA,PL,49.31611111,19.9775,58.44,763.09,2024-02-03,--:--,0.930
BIALY DUNAJEC,ZAKOPANE  HARENDA,PL,49.31611111,19.9775,58.44,763.09,2024-02-04,--:--,2.810
BIALY DUNAJEC,ZAKOPANE  HARENDA,PL,49.31611111,19.9775,58.44,763.09,2024-02-05,--:--,5.340
BIALY DUNAJEC,ZAKOPANE  HARENDA,PL,49.31611111,19.9775,58.44,763.09,2024-02-06,--:--,3.470
BIALY DUNAJEC,ZAKOPANE  HARENDA,PL,49.31611111,19.9775,58.44,763.09,2024-02-07,--:--,2.580
BIALY DUNAJEC,ZAKOPANE  HARENDA,PL,49.31611111,19.9775,58.44,763.09,2024-02-08,--:--,2.320
BIALY DUNAJEC,ZAKOPANE  HARENDA,PL,49.31611111,19.9775,58.44,763.09,2024-02-09,--:--,2.330
BIALY DUNAJEC,ZAKOPANE  HARENDA,PL,49.31611111,19.9775,58.44,763.09,2024-02-10,--:--,2.480
BIALY DUNAJEC,ZAKOPANE  HARENDA,PL,49.31611111,19.9775,58.44,763.09,2024-02-11,--:--,2.920
BIALY DUNAJEC,ZAKOPANE  HARENDA,PL,49.31611111,19.9775,58.44,763.09,2024-02-12,--:--,2.650
BIALY DUNAJEC,ZAKOPANE  HARENDA,PL,49.31611111,19.9775,58.44,763.09,2024-02-13,--:--,2.150
BIALY DUNAJEC,ZAKOPANE  HARENDA,PL,49.31611111,19.9775,58.44,763.09,2024-02-14,--:--,1.810
BIALY DUNAJEC,ZAKOPANE  HARENDA,PL,49.31611111,19.9775,58.44,763.09,2024-02-15,--:--,1.590
BIALY DUNAJEC,ZAKOPANE  HARENDA,PL,49.31611111,19.9775,58.44,763.09,2024-02-16,--:--,1.490
BIALY DUNAJEC,ZAKOPANE  HARENDA,PL,49.31611111,19.9775,58.44,763.09,2024-02-17,--:--,1.470
BIALY DUNAJEC,ZAKOPANE  HARENDA,PL,49.31611111,19.9775,58.44,763.09,2024-02-18,--:--,1.400
BIALY DUNAJEC,ZAKOPANE  HARENDA,PL,49.31611111,19.9775,58.44,763.09,2024-02-19,--:--,1.300
BIALY DUNAJEC,ZAKOPANE  HARENDA,PL,49.31611111,19.9775,58.44,763.09,2024-02-20,--:--,1.350
BIALY DUNAJEC,ZAKOPANE  HARENDA,PL,49.31611111,19.9775,58.44,763.09,2024-02-21,--:--,1.540
BIALY DUNAJEC,ZAKOPANE  HARENDA,PL,49.31611111,19.9775,58.44,763.09,2024-02-22,--:--,1.450
BIALY DUNAJEC,ZAKOPANE  HARENDA,PL,49.31611111,19.9775,58.44,763.09,2024-02-23,--:--,1.410
BIALY DUNAJEC,ZAKOPANE  HARENDA,PL,49.31611111,19.9775,58.44,763.09,2024-02-24,--:--,1.600
BIALY DUNAJEC,ZAKOPANE  HARENDA,PL,49.31611111,19.9775,58.44,763.09,2024-02-25,--:--,1.440
BIALY DUNAJEC,ZAKOPANE  HARENDA,PL,49.31611111,19.9775,58.44,763.09,2024-02-26,--:--,1.370
BIALY DUNAJEC,ZAKOPANE  HARENDA,PL,49.31611111,19.9775,58.44,763.09,2024-02-27,--:--,1.510
BIALY DUNAJEC,ZAKOPANE  HARENDA,PL,49.31611111,19.9775,58.44,763.09,2024-02-28,--:--,1.610
BIALY DUNAJEC,ZAKOPANE  HARENDA,PL,49.31611111,19.9775,58.44,763.09,2024-02-29,--:--,1.480
BIALY DUNAJEC,ZAKOPANE  HARENDA,PL,49.31611111,19.9775,58.44,763.09,2024-03-01,--:--,1.430
BIALY DUNAJEC,ZAKOPANE  HARENDA,PL,49.31611111,19.9775,58.44,763.09,2024-03-02,--:--,1.480
BIALY DUNAJEC,ZAKOPANE  HARENDA,PL,49.31611111,19.9775,58.44,763.09,2024-03-03,--:--,1.480
BIALY DUNAJEC,ZAKOPANE  HARENDA,PL,49.31611111,19.9775,58.44,763.09,2024-03-04,--:--,1.390
BIALY DUNAJEC,ZAKOPANE  HARENDA,PL,49.31611111,19.9775,58.44,763.09,2024-03-05,--:--,1.410
BIALY DUNAJEC,ZAKOPANE  HARENDA,PL,49.31611111,19.9775,58.44,763.09,2024-03-06,--:--,1.310
BIALY DUNAJEC,ZAKOPANE  HARENDA,PL,49.31611111,19.9775,58.44,763.09,2024-03-07,--:--,1.290
BIALY DUNAJEC,ZAKOPANE  HARENDA,PL,49.31611111,19.9775,58.44,763.09,2024-03-08,--:--,1.270
BIALY DUNAJEC,ZAKOPANE  HARENDA,PL,49.31611111,19.9775,58.44,763.09,2024-03-09,--:--,1.240
BIALY DUNAJEC,ZAKOPANE  HARENDA,PL,49.31611111,19.9775,58.44,763.09,2024-03-10,--:--,1.250
BIALY DUNAJEC,ZAKOPANE  HARENDA,PL,49.31611111,19.9775,58.44,763.09,2024-03-11,--:--,1.440
BIALY DUNAJEC,ZAKOPANE  HARENDA,PL,49.31611111,19.9775,58.44,763.09,2024-03-12,--:--,2.580
BIALY DUNAJEC,ZAKOPANE  HARENDA,PL,49.31611111,19.9775,58.44,763.09,2024-03-13,--:--,3.860
BIALY DUNAJEC,ZAKOPANE  HARENDA,PL,49.31611111,19.9775,58.44,763.09,2024-03-14,--:--,2.700
BIALY DUNAJEC,ZAKOPANE  HARENDA,PL,49.31611111,19.9775,58.44,763.09,2024-03-15,--:--,2.080
BIALY DUNAJEC,ZAKOPANE  HARENDA,PL,49.31611111,19.9775,58.44,763.09,2024-03-16,--:--,1.900
BIALY DUNAJEC,ZAKOPANE  HARENDA,PL,49.31611111,19.9775,58.44,763.09,2024-03-17,--:--,3.220
BIALY DUNAJEC,ZAKOPANE  HARENDA,PL,49.31611111,19.9775,58.44,763.09,2024-03-18,--:--,2.310
BIALY DUNAJEC,ZAKOPANE  HARENDA,PL,49.31611111,19.9775,58.44,763.09,2024-03-19,--:--,1.930
BIALY DUNAJEC,ZAKOPANE  HARENDA,PL,49.31611111,19.9775,58.44,763.09,2024-03-20,--:--,1.700
BIALY DUNAJEC,ZAKOPANE  HARENDA,PL,49.31611111,19.9775,58.44,763.09,2024-03-21,--:--,1.570
BIALY DUNAJEC,ZAKOPANE  HARENDA,PL,49.31611111,19.9775,58.44,763.09,2024-03-22,--:--,1.480
BIALY DUNAJEC,ZAKOPANE  HARENDA,PL,49.31611111,19.9775,58.44,763.09,2024-03-23,--:--,1.650
BIALY DUNAJEC,ZAKOPANE  HARENDA,PL,49.31611111,19.9775,58.44,763.09,2024-03-24,--:--,1.770
BIALY DUNAJEC,ZAKOPANE  HARENDA,PL,49.31611111,19.9775,58.44,763.09,2024-03-25,--:--,1.560
BIALY DUNAJEC,ZAKOPANE  HARENDA,PL,49.31611111,19.9775,58.44,763.09,2024-03-26,--:--,1.390
BIALY DUNAJEC,ZAKOPANE  HARENDA,PL,49.31611111,19.9775,58.44,763.09,2024-03-27,--:--,1.290
BIALY DUNAJEC,ZAKOPANE  HARENDA,PL,49.31611111,19.9775,58.44,763.09,2024-03-28,--:--,1.710
BIALY DUNAJEC,ZAKOPANE  HARENDA,PL,49.31611111,19.9775,58.44,763.09,2024-03-29,--:--,2.310
BIALY DUNAJEC,ZAKOPANE  HARENDA,PL,49.31611111,19.9775,58.44,763.09,2024-03-30,--:--,1.990
BIALY DUNAJEC,ZAKOPANE  HARENDA,PL,49.31611111,19.9775,58.44,763.09,2024-03-31,--:--,2.380
BIALY DUNAJEC,ZAKOPANE  HARENDA,PL,49.31611111,19.9775,58.44,763.09,2024-04-01,--:--,3.070
BIALY DUNAJEC,ZAKOPANE  HARENDA,PL,49.31611111,19.9775,58.44,763.09,2024-04-02,--:--,5.480
BIALY DUNAJEC,ZAKOPANE  HARENDA,PL,49.31611111,19.9775,58.44,763.09,2024-04-03,--:--,3.740
BIALY DUNAJEC,ZAKOPANE  HARENDA,PL,49.31611111,19.9775,58.44,763.09,2024-04-04,--:--,3.110
BIALY DUNAJEC,ZAKOPANE  HARENDA,PL,49.31611111,19.9775,58.44,763.09,2024-04-05,--:--,2.860
BIALY DUNAJEC,ZAKOPANE  HARENDA,PL,49.31611111,19.9775,58.44,763.09,2024-04-06,--:--,2.680
BIALY DUNAJEC,ZAKOPANE  HARENDA,PL,49.31611111,19.9775,58.44,763.09,2024-04-07,--:--,2.720
BIALY DUNAJEC,ZAKOPANE  HARENDA,PL,49.31611111,19.9775,58.44,763.09,2024-04-08,--:--,2.840
BIALY DUNAJEC,ZAKOPANE  HARENDA,PL,49.31611111,19.9775,58.44,763.09,2024-04-09,--:--,2.910
BIALY DUNAJEC,ZAKOPANE  HARENDA,PL,49.31611111,19.9775,58.44,763.09,2024-04-10,--:--,2.850
BIALY DUNAJEC,ZAKOPANE  HARENDA,PL,49.31611111,19.9775,58.44,763.09,2024-04-11,--:--,2.700
BIALY DUNAJEC,ZAKOPANE  HARENDA,PL,49.31611111,19.9775,58.44,763.09,2024-04-12,--:--,2.640
BIALY DUNAJEC,ZAKOPANE  HARENDA,PL,49.31611111,19.9775,58.44,763.09,2024-04-13,--:--,2.550
BIALY DUNAJEC,ZAKOPANE  HARENDA,PL,49.31611111,19.9775,58.44,763.09,2024-04-14,--:--,2.460
BIALY DUNAJEC,ZAKOPANE  HARENDA,PL,49.31611111,19.9775,58.44,763.09,2024-04-15,--:--,2.680
BIALY DUNAJEC,ZAKOPANE  HARENDA,PL,49.31611111,19.9775,58.44,763.09,2024-04-16,--:--,2.710
BIALY DUNAJEC,ZAKOPANE  HARENDA,PL,49.31611111,19.9775,58.44,763.09,2024-04-17,--:--,2.500
BIALY DUNAJEC,ZAKOPANE  HARENDA,PL,49.31611111,19.9775,58.44,763.09,2024-04-18,--:--,2.490
BIALY DUNAJEC,ZAKOPANE  HARENDA,PL,49.31611111,19.9775,58.44,763.09,2024-04-19,--:--,2.430
BIALY DUNAJEC,ZAKOPANE  HARENDA,PL,49.31611111,19.9775,58.44,763.09,2024-04-20,--:--,2.340
BIALY DUNAJEC,ZAKOPANE  HARENDA,PL,49.31611111,19.9775,58.44,763.09,2024-04-21,--:--,2.440
BIALY DUNAJEC,ZAKOPANE  HARENDA,PL,49.31611111,19.9775,58.44,763.09,2024-04-22,--:--,2.290
BIALY DUNAJEC,ZAKOPANE  HARENDA,PL,49.31611111,19.9775,58.44,763.09,2024-04-23,--:--,2.390
BIALY DUNAJEC,ZAKOPANE  HARENDA,PL,49.31611111,19.9775,58.44,763.09,2024-04-24,--:--,2.880
BIALY DUNAJEC,ZAKOPANE  HARENDA,PL,49.31611111,19.9775,58.44,763.09,2024-04-25,--:--,3.410
BIALY DUNAJEC,ZAKOPANE  HARENDA,PL,49.31611111,19.9775,58.44,763.09,2024-04-26,--:--,2.660
BIALY DUNAJEC,ZAKOPANE  HARENDA,PL,49.31611111,19.9775,58.44,763.09,2024-04-27,--:--,2.350
BIALY DUNAJEC,ZAKOPANE  HARENDA,PL,49.31611111,19.9775,58.44,763.09,2024-04-28,--:--,2.410
BIALY DUNAJEC,ZAKOPANE  HARENDA,PL,49.31611111,19.9775,58.44,763.09,2024-04-29,--:--,2.510
BIALY DUNAJEC,ZAKOPANE  HARENDA,PL,49.31611111,19.9775,58.44,763.09,2024-04-30,--:--,2.520
BIALY DUNAJEC,ZAKOPANE  HARENDA,PL,49.31611111,19.9775,58.44,763.09,2024-05-01,--:--,2.460
BIALY DUNAJEC,ZAKOPANE  HARENDA,PL,49.31611111,19.9775,58.44,763.09,2024-05-02,--:--,2.390
BIALY DUNAJEC,ZAKOPANE  HARENDA,PL,49.31611111,19.9775,58.44,763.09,2024-05-03,--:--,2.340
BIALY DUNAJEC,ZAKOPANE  HARENDA,PL,49.31611111,19.9775,58.44,763.09,2024-05-04,--:--,2.250
BIALY DUNAJEC,ZAKOPANE  HARENDA,PL,49.31611111,19.9775,58.44,763.09,2024-05-05,--:--,2.210
BIALY DUNAJEC,ZAKOPANE  HARENDA,PL,49.31611111,19.9775,58.44,763.09,2024-05-06,--:--,2.280
BIALY DUNAJEC,ZAKOPANE  HARENDA,PL,49.31611111,19.9775,58.44,763.09,2024-05-07,--:--,2.870
BIALY DUNAJEC,ZAKOPANE  HARENDA,PL,49.31611111,19.9775,58.44,763.09,2024-05-08,--:--,2.600
BIALY DUNAJEC,ZAKOPANE  HARENDA,PL,49.31611111,19.9775,58.44,763.09,2024-05-09,--:--,2.420
BIALY DUNAJEC,ZAKOPANE  HARENDA,PL,49.31611111,19.9775,58.44,763.09,2024-05-10,--:--,2.230
BIALY DUNAJEC,ZAKOPANE  HARENDA,PL,49.31611111,19.9775,58.44,763.09,2024-05-11,--:--,2.270
BIALY DUNAJEC,ZAKOPANE  HARENDA,PL,49.31611111,19.9775,58.44,763.09,2024-05-12,--:--,2.140
BIALY DUNAJEC,ZAKOPANE  HARENDA,PL,49.31611111,19.9775,58.44,763.09,2024-05-13,--:--,2.040
BIALY DUNAJEC,ZAKOPANE  HARENDA,PL,49.31611111,19.9775,58.44,763.09,2024-05-14,--:--,1.930
BIALY DUNAJEC,ZAKOPANE  HARENDA,PL,49.31611111,19.9775,58.44,763.09,2024-05-15,--:--,1.830
BIALY DUNAJEC,ZAKOPANE  HARENDA,PL,49.31611111,19.9775,58.44,763.09,2024-05-16,--:--,1.730
BIALY DUNAJEC,ZAKOPANE  HARENDA,PL,49.31611111,19.9775,58.44,763.09,2024-05-17,--:--,1.710
BIALY DUNAJEC,ZAKOPANE  HARENDA,PL,49.31611111,19.9775,58.44,763.09,2024-05-18,--:--,1.670
BIALY DUNAJEC,ZAKOPANE  HARENDA,PL,49.31611111,19.9775,58.44,763.09,2024-05-19,--:--,1.670
BIALY DUNAJEC,ZAKOPANE  HARENDA,PL,49.31611111,19.9775,58.44,763.09,2024-05-20,--:--,1.840
BIALY DUNAJEC,ZAKOPANE  HARENDA,PL,49.31611111,19.9775,58.44,763.09,2024-05-21,--:--,1.570
BIALY DUNAJEC,ZAKOPANE  HARENDA,PL,49.31611111,19.9775,58.44,763.09,2024-05-22,--:--,2.390
BIALY DUNAJEC,ZAKOPANE  HARENDA,PL,49.31611111,19.9775,58.44,763.09,2024-05-23,--:--,2.950
BIALY DUNAJEC,ZAKOPANE  HARENDA,PL,49.31611111,19.9775,58.44,763.09,2024-05-24,--:--,2.650
BIALY DUNAJEC,ZAKOPANE  HARENDA,PL,49.31611111,19.9775,58.44,763.09,2024-05-25,--:--,2.300
BIALY DUNAJEC,ZAKOPANE  HARENDA,PL,49.31611111,19.9775,58.44,763.09,2024-05-26,--:--,2.660
BIALY DUNAJEC,ZAKOPANE  HARENDA,PL,49.31611111,19.9775,58.44,763.09,2024-05-27,--:--,2.470
BIALY DUNAJEC,ZAKOPANE  HARENDA,PL,49.31611111,19.9775,58.44,763.09,2024-05-28,--:--,2.140
BIALY DUNAJEC,ZAKOPANE  HARENDA,PL,49.31611111,19.9775,58.44,763.09,2024-05-29,--:--,2.650
BIALY DUNAJEC,ZAKOPANE  HARENDA,PL,49.31611111,19.9775,58.44,763.09,2024-05-30,--:--,2.850
BIALY DUNAJEC,ZAKOPANE  HARENDA,PL,49.31611111,19.9775,58.44,763.09,2024-05-31,--:--,2.380
BIALY DUNAJEC,ZAKOPANE  HARENDA,PL,49.31611111,19.9775,58.44,763.09,2024-06-01,--:--,2.250
BIALY DUNAJEC,ZAKOPANE  HARENDA,PL,49.31611111,19.9775,58.44,763.09,2024-06-02,--:--,2.000
BIALY DUNAJEC,ZAKOPANE  HARENDA,PL,49.31611111,19.9775,58.44,763.09,2024-06-03,--:--,2.740
BIALY DUNAJEC,ZAKOPANE  HARENDA,PL,49.31611111,19.9775,58.44,763.09,2024-06-04,--:--,7.270
BIALY DUNAJEC,ZAKOPANE  HARENDA,PL,49.31611111,19.9775,58.44,763.09,2024-06-05,--:--,5.420
BIALY DUNAJEC,ZAKOPANE  HARENDA,PL,49.31611111,19.9775,58.44,763.09,2024-06-06,--:--,3.590
BIALY DUNAJEC,ZAKOPANE  HARENDA,PL,49.31611111,19.9775,58.44,763.09,2024-06-07,--:--,3.060
BIALY DUNAJEC,ZAKOPANE  HARENDA,PL,49.31611111,19.9775,58.44,763.09,2024-06-08,--:--,2.620
BIALY DUNAJEC,ZAKOPANE  HARENDA,PL,49.31611111,19.9775,58.44,763.09,2024-06-09,--:--,2.940
BIALY DUNAJEC,ZAKOPANE  HARENDA,PL,49.31611111,19.9775,58.44,763.09,2024-06-10,--:--,2.810
BIALY DUNAJEC,ZAKOPANE  HARENDA,PL,49.31611111,19.9775,58.44,763.09,2024-06-11,--:--,3.720
BIALY DUNAJEC,ZAKOPANE  HARENDA,PL,49.31611111,19.9775,58.44,763.09,2024-06-12,--:--,3.330
BIALY DUNAJEC,ZAKOPANE  HARENDA,PL,49.31611111,19.9775,58.44,763.09,2024-06-13,--:--,3.430
BIALY DUNAJEC,ZAKOPANE  HARENDA,PL,49.31611111,19.9775,58.44,763.09,2024-06-14,--:--,3.200
BIALY DUNAJEC,ZAKOPANE  HARENDA,PL,49.31611111,19.9775,58.44,763.09,2024-06-15,--:--,2.710
BIALY DUNAJEC,ZAKOPANE  HARENDA,PL,49.31611111,19.9775,58.44,763.09,2024-06-16,--:--,2.750
BIALY DUNAJEC,ZAKOPANE  HARENDA,PL,49.31611111,19.9775,58.44,763.09,2024-06-17,--:--,2.530
BIALY DUNAJEC,ZAKOPANE  HARENDA,PL,49.31611111,19.9775,58.44,763.09,2024-06-18,--:--,2.200
BIALY DUNAJEC,ZAKOPANE  HARENDA,PL,49.31611111,19.9775,58.44,763.09,2024-06-19,--:--,2.030
BIALY DUNAJEC,ZAKOPANE  HARENDA,PL,49.31611111,19.9775,58.44,763.09,2024-06-20,--:--,1.890
BIALY DUNAJEC,ZAKOPANE  HARENDA,PL,49.31611111,19.9775,58.44,763.09,2024-06-21,--:--,1.740
BIALY DUNAJEC,ZAKOPANE  HARENDA,PL,49.31611111,19.9775,58.44,763.09,2024-06-22,--:--,2.400
BIALY DUNAJEC,ZAKOPANE  HARENDA,PL,49.31611111,19.9775,58.44,763.09,2024-06-23,--:--,1.770
BIALY DUNAJEC,ZAKOPANE  HARENDA,PL,49.31611111,19.9775,58.44,763.09,2024-06-24,--:--,1.600
BIALY DUNAJEC,ZAKOPANE  HARENDA,PL,49.31611111,19.9775,58.44,763.09,2024-06-25,--:--,1.440
BIALY DUNAJEC,ZAKOPANE  HARENDA,PL,49.31611111,19.9775,58.44,763.09,2024-06-26,--:--,1.530
BIALY DUNAJEC,ZAKOPANE  HARENDA,PL,49.31611111,19.9775,58.44,763.09,2024-06-27,--:--,2.580
BIALY DUNAJEC,ZAKOPANE  HARENDA,PL,49.31611111,19.9775,58.44,763.09,2024-06-28,--:--,3.590
BIALY DUNAJEC,ZAKOPANE  HARENDA,PL,49.31611111,19.9775,58.44,763.09,2024-06-29,--:--,2.160
BIALY DUNAJEC,ZAKOPANE  HARENDA,PL,49.31611111,19.9775,58.44,763.09,2024-06-30,--:--,1.630
BIALY DUNAJEC,ZAKOPANE  HARENDA,PL,49.31611111,19.9775,58.44,763.09,2024-07-01,--:--,3.030
BIALY DUNAJEC,ZAKOPANE  HARENDA,PL,49.31611111,19.9775,58.44,763.09,2024-07-02,--:--,4.090
BIALY DUNAJEC,ZAKOPANE  HARENDA,PL,49.31611111,19.9775,58.44,763.09,2024-07-03,--:--,2.810
BIALY DUNAJEC,ZAKOPANE  HARENDA,PL,49.31611111,19.9775,58.44,763.09,2024-07-04,--:--,2.070
BIALY DUNAJEC,ZAKOPANE  HARENDA,PL,49.31611111,19.9775,58.44,763.09,2024-07-05,--:--,1.720
BIALY DUNAJEC,ZAKOPANE  HARENDA,PL,49.31611111,19.9775,58.44,763.09,2024-07-06,--:--,1.480
BIALY DUNAJEC,ZAKOPANE  HARENDA,PL,49.31611111,19.9775,58.44,763.09,2024-07-07,--:--,1.360
BIALY DUNAJEC,ZAKOPANE  HARENDA,PL,49.31611111,19.9775,58.44,763.09,2024-07-08,--:--,4.120
BIALY DUNAJEC,ZAKOPANE  HARENDA,PL,49.31611111,19.9775,58.44,763.09,2024-07-09,--:--,3.040
BIALY DUNAJEC,ZAKOPANE  HARENDA,PL,49.31611111,19.9775,58.44,763.09,2024-07-10,--:--,2.060
BIALY DUNAJEC,ZAKOPANE  HARENDA,PL,49.31611111,19.9775,58.44,763.09,2024-07-11,--:--,2.020
BIALY DUNAJEC,ZAKOPANE  HARENDA,PL,49.31611111,19.9775,58.44,763.09,2024-07-12,--:--,1.920
BIALY DUNAJEC,ZAKOPANE  HARENDA,PL,49.31611111,19.9775,58.44,763.09,2024-07-13,--:--,1.940
BIALY DUNAJEC,ZAKOPANE  HARENDA,PL,49.31611111,19.9775,58.44,763.09,2024-07-14,--:--,1.640
BIALY DUNAJEC,ZAKOPANE  HARENDA,PL,49.31611111,19.9775,58.44,763.09,2024-07-15,--:--,1.380
BIALY DUNAJEC,ZAKOPANE  HARENDA,PL,49.31611111,19.9775,58.44,763.09,2024-07-16,--:--,1.570
BIALY DUNAJEC,ZAKOPANE  HARENDA,PL,49.31611111,19.9775,58.44,763.09,2024-07-17,--:--,1.380
BIALY DUNAJEC,ZAKOPANE  HARENDA,PL,49.31611111,19.9775,58.44,763.09,2024-07-18,--:--,1.200
BIALY DUNAJEC,ZAKOPANE  HARENDA,PL,49.31611111,19.9775,58.44,763.09,2024-07-19,--:--,1.070
BIALY DUNAJEC,ZAKOPANE  HARENDA,PL,49.31611111,19.9775,58.44,763.09,2024-07-20,--:--,1.030
BIALY DUNAJEC,ZAKOPANE  HARENDA,PL,49.31611111,19.9775,58.44,763.09,2024-07-21,--:--,1.000
BIALY DUNAJEC,ZAKOPANE  HARENDA,PL,49.31611111,19.9775,58.44,763.09,2024-07-22,--:--,0.960
BIALY DUNAJEC,ZAKOPANE  HARENDA,PL,49.31611111,19.9775,58.44,763.09,2024-07-23,--:--,1.310
BIALY DUNAJEC,ZAKOPANE  HARENDA,PL,49.31611111,19.9775,58.44,763.09,2024-07-24,--:--,2.680
BIALY DUNAJEC,ZAKOPANE  HARENDA,PL,49.31611111,19.9775,58.44,763.09,2024-07-25,--:--,1.670
BIALY DUNAJEC,ZAKOPANE  HARENDA,PL,49.31611111,19.9775,58.44,763.09,2024-07-26,--:--,1.230
BIALY DUNAJEC,ZAKOPANE  HARENDA,PL,49.31611111,19.9775,58.44,763.09,2024-07-27,--:--,1.040
BIALY DUNAJEC,ZAKOPANE  HARENDA,PL,49.31611111,19.9775,58.44,763.09,2024-07-28,--:--,0.970
BIALY DUNAJEC,ZAKOPANE  HARENDA,PL,49.31611111,19.9775,58.44,763.09,2024-07-29,--:--,0.940
BIALY DUNAJEC,ZAKOPANE  HARENDA,PL,49.31611111,19.9775,58.44,763.09,2024-07-30,--:--,0.880
BIALY DUNAJEC,ZAKOPANE  HARENDA,PL,49.31611111,19.9775,58.44,763.09,2024-07-31,--:--,0.790
BIALY DUNAJEC,ZAKOPANE  HARENDA,PL,49.31611111,19.9775,58.44,763.09,2024-08-01,--:--,0.790
BIALY DUNAJEC,ZAKOPANE  HARENDA,PL,49.31611111,19.9775,58.44,763.09,2024-08-02,--:--,1.140
BIALY DUNAJEC,ZAKOPANE  HARENDA,PL,49.31611111,19.9775,58.44,763.09,2024-08-03,--:--,1.150
BIALY DUNAJEC,ZAKOPANE  HARENDA,PL,49.31611111,19.9775,58.44,763.09,2024-08-04,--:--,0.860
BIALY DUNAJEC,ZAKOPANE  HARENDA,PL,49.31611111,19.9775,58.44,763.09,2024-08-05,--:--,1.580
BIALY DUNAJEC,ZAKOPANE  HARENDA,PL,49.31611111,19.9775,58.44,763.09,2024-08-06,--:--,1.860
BIALY DUNAJEC,ZAKOPANE  HARENDA,PL,49.31611111,19.9775,58.44,763.09,2024-08-07,--:--,1.200
BIALY DUNAJEC,ZAKOPANE  HARENDA,PL,49.31611111,19.9775,58.44,763.09,2024-08-08,--:--,1.060
BIALY DUNAJEC,ZAKOPANE  HARENDA,PL,49.31611111,19.9775,58.44,763.09,2024-08-09,--:--,1.510
BIALY DUNAJEC,ZAKOPANE  HARENDA,PL,49.31611111,19.9775,58.44,763.09,2024-08-10,--:--,1.190
BIALY DUNAJEC,ZAKOPANE  HARENDA,PL,49.31611111,19.9775,58.44,763.09,2024-08-11,--:--,1.020
BIALY DUNAJEC,ZAKOPANE  HARENDA,PL,49.31611111,19.9775,58.44,763.09,2024-08-12,--:--,0.920
BIALY DUNAJEC,ZAKOPANE  HARENDA,PL,49.31611111,19.9775,58.44,763.09,2024-08-13,--:--,0.850
BIALY DUNAJEC,ZAKOPANE  HARENDA,PL,49.31611111,19.9775,58.44,763.09,2024-08-14,--:--,0.770
BIALY DUNAJEC,ZAKOPANE  HARENDA,PL,49.31611111,19.9775,58.44,763.09,2024-08-15,--:--,0.820
BIALY DUNAJEC,ZAKOPANE  HARENDA,PL,49.31611111,19.9775,58.44,763.09,2024-08-16,--:--,0.760
BIALY DUNAJEC,ZAKOPANE  HARENDA,PL,49.31611111,19.9775,58.44,763.09,2024-08-17,--:--,1.570
BIALY DUNAJEC,ZAKOPANE  HARENDA,PL,49.31611111,19.9775,58.44,763.09,2024-08-18,--:--,0.930
BIALY DUNAJEC,ZAKOPANE  HARENDA,PL,49.31611111,19.9775,58.44,763.09,2024-08-19,--:--,1.310
BIALY DUNAJEC,ZAKOPANE  HARENDA,PL,49.31611111,19.9775,58.44,763.09,2024-08-20,--:--,0.990
BIALY DUNAJEC,ZAKOPANE  HARENDA,PL,49.31611111,19.9775,58.44,763.09,2024-08-21,--:--,8.490
BIALY DUNAJEC,ZAKOPANE  HARENDA,PL,49.31611111,19.9775,58.44,763.09,2024-08-22,--:--,3.580
BIALY DUNAJEC,ZAKOPANE  HARENDA,PL,49.31611111,19.9775,58.44,763.09,2024-08-23,--:--,2.050
BIALY DUNAJEC,ZAKOPANE  HARENDA,PL,49.31611111,19.9775,58.44,763.09,2024-08-24,--:--,1.470
BIALY DUNAJEC,ZAKOPANE  HARENDA,PL,49.31611111,19.9775,58.44,763.09,2024-08-25,--:--,3.720
BIALY DUNAJEC,ZAKOPANE  HARENDA,PL,49.31611111,19.9775,58.44,763.09,2024-08-26,--:--,4.410
BIALY DUNAJEC,ZAKOPANE  HARENDA,PL,49.31611111,19.9775,58.44,763.09,2024-08-27,--:--,2.480
BIALY DUNAJEC,ZAKOPANE  HARENDA,PL,49.31611111,19.9775,58.44,763.09,2024-08-28,--:--,1.940
BIALY DUNAJEC,ZAKOPANE  HARENDA,PL,49.31611111,19.9775,58.44,763.09,2024-08-29,--:--,1.610
BIALY DUNAJEC,ZAKOPANE  HARENDA,PL,49.31611111,19.9775,58.44,763.09,2024-08-30,--:--,1.410
BIALY DUNAJEC,ZAKOPANE  HARENDA,PL,49.31611111,19.9775,58.44,763.09,2024-08-31,--:--,1.320
BIALY DUNAJEC,ZAKOPANE  HARENDA,PL,49.31611111,19.9775,58.44,763.09,2024-09-01,--:--,1.280
BIALY DUNAJEC,ZAKOPANE  HARENDA,PL,49.31611111,19.9775,58.44,763.09,2024-09-02,--:--,1.370
BIALY DUNAJEC,ZAKOPANE  HARENDA,PL,49.31611111,19.9775,58.44,763.09,2024-09-03,--:--,1.100
BIALY DUNAJEC,ZAKOPANE  HARENDA,PL,49.31611111,19.9775,58.44,763.09,2024-09-04,--:--,1.030
BIALY DUNAJEC,ZAKOPANE  HARENDA,PL,49.31611111,19.9775,58.44,763.09,2024-09-05,--:--,0.960
BIALY DUNAJEC,ZAKOPANE  HARENDA,PL,49.31611111,19.9775,58.44,763.09,2024-09-06,--:--,0.880
BIALY DUNAJEC,ZAKOPANE  HARENDA,PL,49.31611111,19.9775,58.44,763.09,2024-09-07,--:--,0.840
BIALY DUNAJEC,ZAKOPANE  HARENDA,PL,49.31611111,19.9775,58.44,763.09,2024-09-08,--:--,0.730
BIALY DUNAJEC,ZAKOPANE  HARENDA,PL,49.31611111,19.9775,58.44,763.09,2024-09-09,--:--,0.880
BIALY DUNAJEC,ZAKOPANE  HARENDA,PL,49.31611111,19.9775,58.44,763.09,2024-09-10,--:--,2.190
BIALY DUNAJEC,ZAKOPANE  HARENDA,PL,49.31611111,19.9775,58.44,763.09,2024-09-11,--:--,1.240
BIALY DUNAJEC,ZAKOPANE  HARENDA,PL,49.31611111,19.9775,58.44,763.09,2024-09-12,--:--,1.010
BIALY DUNAJEC,ZAKOPANE  HARENDA,PL,49.31611111,19.9775,58.44,763.09,2024-09-13,--:--,1.100
BIALY DUNAJEC,ZAKOPANE  HARENDA,PL,49.31611111,19.9775,58.44,763.09,2024-09-14,--:--,3.120
BIALY DUNAJEC,ZAKOPANE  HARENDA,PL,49.31611111,19.9775,58.44,763.09,2024-09-15,--:--,5.640
BIALY DUNAJEC,ZAKOPANE  HARENDA,PL,49.31611111,19.9775,58.44,763.09,2024-09-16,--:--,8.650
BIALY DUNAJEC,ZAKOPANE  HARENDA,PL,49.31611111,19.9775,58.44,763.09,2024-09-17,--:--,5.230
BIALY DUNAJEC,ZAKOPANE  HARENDA,PL,49.31611111,19.9775,58.44,763.09,2024-09-18,--:--,3.710
BIALY DUNAJEC,ZAKOPANE  HARENDA,PL,49.31611111,19.9775,58.44,763.09,2024-09-19,--:--,3.080
BIALY DUNAJEC,ZAKOPANE  HARENDA,PL,49.31611111,19.9775,58.44,763.09,2024-09-20,--:--,2.660
BIALY DUNAJEC,ZAKOPANE  HARENDA,PL,49.31611111,19.9775,58.44,763.09,2024-09-21,--:--,2.390
BIALY DUNAJEC,ZAKOPANE  HARENDA,PL,49.31611111,19.9775,58.44,763.09,2024-09-22,--:--,2.170
BIALY DUNAJEC,ZAKOPANE  HARENDA,PL,49.31611111,19.9775,58.44,763.09,2024-09-23,--:--,1.990
BIALY DUNAJEC,ZAKOPANE  HARENDA,PL,49.31611111,19.9775,58.44,763.09,2024-09-24,--:--,1.880
BIALY DUNAJEC,ZAKOPANE  HARENDA,PL,49.31611111,19.9775,58.44,763.09,2024-09-25,--:--,2.010
BIALY DUNAJEC,ZAKOPANE  HARENDA,PL,49.31611111,19.9775,58.44,763.09,2024-09-26,--:--,1.640
BIALY DUNAJEC,ZAKOPANE  HARENDA,PL,49.31611111,19.9775,58.44,763.09,2024-09-27,--:--,1.540
BIALY DUNAJEC,ZAKOPANE  HARENDA,PL,49.31611111,19.9775,58.44,763.09,2024-09-28,--:--,1.610
BIALY DUNAJEC,ZAKOPANE  HARENDA,PL,49.31611111,19.9775,58.44,763.09,2024-09-29,--:--,1.850
BIALY DUNAJEC,ZAKOPANE  HARENDA,PL,49.31611111,19.9775,58.44,763.09,2024-09-30,--:--,1.550
BIALY DUNAJEC,ZAKOPANE  HARENDA,PL,49.31611111,19.9775,58.44,763.09,2024-10-01,--:--,1.420
BIALY DUNAJEC,ZAKOPANE  HARENDA,PL,49.31611111,19.9775,58.44,763.09,2024-10-02,--:--,1.420
BIALY DUNAJEC,ZAKOPANE  HARENDA,PL,49.31611111,19.9775,58.44,763.09,2024-10-03,--:--,1.410
BIALY DUNAJEC,ZAKOPANE  HARENDA,PL,49.31611111,19.9775,58.44,763.09,2024-10-04,--:--,2.510
BIALY DUNAJEC,ZAKOPANE  HARENDA,PL,49.31611111,19.9775,58.44,763.09,2024-10-05,--:--,2.130
BIALY DUNAJEC,ZAKOPANE  HARENDA,PL,49.31611111,19.9775,58.44,763.09,2024-10-06,--:--,1.960
BIALY DUNAJEC,ZAKOPANE  HARENDA,PL,49.31611111,19.9775,58.44,763.09,2024-10-07,--:--,1.890
BIALY DUNAJEC,ZAKOPANE  HARENDA,PL,49.31611111,19.9775,58.44,763.09,2024-10-08,--:--,1.690
BIALY DUNAJEC,ZAKOPANE  HARENDA,PL,49.31611111,19.9775,58.44,763.09,2024-10-09,--:--,1.500
BIALY DUNAJEC,ZAKOPANE  HARENDA,PL,49.31611111,19.9775,58.44,763.09,2024-10-10,--:--,1.450
BIALY DUNAJEC,ZAKOPANE  HARENDA,PL,49.31611111,19.9775,58.44,763.09,2024-10-11,--:--,4.720
BIALY DUNAJEC,ZAKOPANE  HARENDA,PL,49.31611111,19.9775,58.44,763.09,2024-10-12,--:--,2.870
BIALY DUNAJEC,ZAKOPANE  HARENDA,PL,49.31611111,19.9775,58.44,763.09,2024-10-13,--:--,2.330
BIALY DUNAJEC,ZAKOPANE  HARENDA,PL,49.31611111,19.9775,58.44,763.09,2024-10-14,--:--,1.970
BIALY DUNAJEC,ZAKOPANE  HARENDA,PL,49.31611111,19.9775,58.44,763.09,2024-10-15,--:--,1.800
BIALY DUNAJEC,ZAKOPANE  HARENDA,PL,49.31611111,19.9775,58.44,763.09,2024-10-16,--:--,1.620
BIALY DUNAJEC,ZAKOPANE  HARENDA,PL,49.31611111,19.9775,58.44,763.09,2024-10-17,--:--,1.500
BIALY DUNAJEC,ZAKOPANE  HARENDA,PL,49.31611111,19.9775,58.44,763.09,2024-10-18,--:--,1.380
BIALY DUNAJEC,ZAKOPANE  HARENDA,PL,49.31611111,19.9775,58.44,763.09,2024-10-19,--:--,1.340
BIALY DUNAJEC,ZAKOPANE  HARENDA,PL,49.31611111,19.9775,58.44,763.09,2024-10-20,--:--,1.420
BIALY DUNAJEC,ZAKOPANE  HARENDA,PL,49.31611111,19.9775,58.44,763.09,2024-10-21,--:--,1.340
BIALY DUNAJEC,ZAKOPANE  HARENDA,PL,49.31611111,19.9775,58.44,763.09,2024-10-22,--:--,1.290
BIALY DUNAJEC,ZAKOPANE  HARENDA,PL,49.31611111,19.9775,58.44,763.09,2024-10-23,--:--,1.380
BIALY DUNAJEC,ZAKOPANE  HARENDA,PL,49.31611111,19.9775,58.44,763.09,2024-10-24,--:--,1.200
BIALY DUNAJEC,ZAKOPANE  HARENDA,PL,49.31611111,19.9775,58.44,763.09,2024-10-25,--:--,1.310
BIALY DUNAJEC,ZAKOPANE  HARENDA,PL,49.31611111,19.9775,58.44,763.09,2024-10-26,--:--,1.290
BIALY DUNAJEC,ZAKOPANE  HARENDA,PL,49.31611111,19.9775,58.44,763.09,2024-10-27,--:--,1.250
BIALY DUNAJEC,ZAKOPANE  HARENDA,PL,49.31611111,19.9775,58.44,763.09,2024-10-28,--:--,1.340
BIALY DUNAJEC,ZAKOPANE  HARENDA,PL,49.31611111,19.9775,58.44,763.09,2024-10-29,--:--,1.300
BIALY DUNAJEC,ZAKOPANE  HARENDA,PL,49.31611111,19.9775,58.44,763.09,2024-10-30,--:--,1.270
BIALY DUNAJEC,ZAKOPANE  HARENDA,PL,49.31611111,19.9775,58.44,763.09,2024-10-31,--:--,1.230
